"countyfips","MuniTotalFlag","placefips","municipality","totalPopulation_2010c","groupquartersPopulation_2010c","householdPopulation_2010c","householdSize_2010c","totalHousingUnits_2010c","occupiedHousingUnits_2010c","vacantHousingUnits_2010c","vacancyRate_2010c","totalpopulation_2010","groupquartersPopulation_2010","householdPopulation_2010","householdSize_2010","totalHousingUnits_2010","occupiedHousingUnits_2010","vacantHousingUnits_2010","vacancyRate_2010","totalpopulation_2011","groupquartersPopulation_2011","householdPopulation_2011","householdSize_2011","totalHousingUnits_2011","occupiedHousingUnits_2011","vacantHousingUnits_2011","vacancyRate_2011","totalpopulation_2012","groupquartersPopulation_2012","householdPopulation_2012","householdSize_2012","totalHousingUnits_2012","occupiedHousingUnits_2012","vacantHousingUnits_2012","vacancyRate_2012","totalpopulation_2013","groupquartersPopulation_2013","householdPopulation_2013","householdSize_2013","totalHousingUnits_2013","occupiedHousingUnits_2013","vacantHousingUnits_2013","vacancyRate_2013","totalpopulation_2014","groupquartersPopulation_2014","householdPopulation_2014","householdSize_2014","totalHousingUnits_2014","occupiedHousingUnits_2014","vacantHousingUnits_2014","vacancyRate_2014"
"011",1,"43660","Las Animas",2410,78,2332,2.32,1214,1004,210,17.29,2413,78,2335,2.32,1214,1005,209,17.21,2355,78,2277,2.32,1214,980,234,19.27,2297,78,2219,2.32,1214,955,259,21.33,2236,78,2158,2.32,1214,929,285,23.47,2166,78,2088,2.32,1214,899,315,25.94
"011",1,"99990","Unincorp. Area",4089,2130,1959,2.36,1028,828,200,19.45,4093,2130,1963,2.36,1029,830,199,19.33,3951,2036,1915,2.36,1029,809,220,21.37,3478,1608,1870,2.36,1031,790,241,23.37,3461,1637,1824,2.36,1035,771,264,25.50,3373,1608,1765,2.36,1035,746,289,27.92
"111",1,"70580","Silverton",637,0,637,1.99,501,319,182,36.32,646,0,646,1.99,501,324,177,35.32,633,0,633,1.99,502,317,185,36.85,633,0,633,1.99,502,317,185,36.85,637,0,637,1.99,505,319,186,36.83,654,0,654,1.99,505,328,177,35.04
"111",1,"99990","Unincorp. Area",62,0,62,2.48,255,25,230,90.19,63,0,63,2.52,256,25,231,90.23,62,0,62,2.48,256,25,231,90.23,61,0,61,2.44,257,25,232,90.27,63,0,63,2.52,260,25,235,90.38,64,0,64,2.46,260,26,234,90.00
"113",1,"68655","Sawpit",40,0,40,2.22,23,18,5,21.73,40,0,40,2.22,23,18,5,21.73,40,0,40,2.22,23,18,5,21.73,41,0,41,2.27,23,18,5,21.73,41,0,41,2.27,23,18,5,21.73,41,0,41,2.27,23,18,5,21.73
"113",1,"76795","Telluride",2325,0,2325,2.14,2070,1086,984,47.53,2319,0,2319,2.14,2076,1083,993,47.83,2363,0,2363,2.14,2094,1104,990,47.27,2392,0,2392,2.14,2098,1117,981,46.75,2417,0,2417,2.14,2106,1129,977,46.39,2457,0,2457,2.14,2111,1148,963,45.61
"113",1,"52550","Mountain Village",1320,0,1320,1.75,2066,751,1315,63.64,1313,0,1313,1.75,2066,747,1319,63.84,1330,0,1330,1.75,2072,757,1315,63.46,1346,0,1346,1.75,2075,766,1309,63.08,1357,0,1357,1.75,2079,772,1307,62.86,1378,0,1378,1.75,2082,784,1298,62.34
"113",1,"54880","Norwood",518,0,518,2.40,249,215,34,13.65,517,0,517,2.40,250,215,35,14.00,527,0,527,2.40,252,219,33,13.09,536,0,536,2.41,254,222,32,12.59,542,0,542,2.40,255,225,30,11.76,552,0,552,2.41,256,229,27,10.54
"113",1,"55870","Ophir",159,0,159,2.69,64,59,5,7.81,180,0,180,2.68,73,67,6,8.21,182,0,182,2.67,73,68,5,6.84,184,0,184,2.70,73,68,5,6.84,185,0,185,2.68,73,69,4,5.47,191,0,191,2.69,74,71,3,4.05
"113",1,"99990","Unincorp. Area",2997,9,2988,2.25,2166,1325,841,38.82,2987,9,2978,2.25,2171,1321,850,39.15,3045,9,3036,2.25,2190,1346,844,38.53,3102,9,3093,2.25,2209,1372,837,37.89,3141,9,3132,2.25,2221,1389,832,37.46,3204,9,3195,2.25,2234,1417,817,36.57
"115",1,"56475","Ovid",318,0,318,2.27,176,140,36,20.45,318,0,318,2.27,176,140,36,20.45,318,0,318,2.27,176,140,36,20.45,318,0,318,2.25,176,141,35,19.88,318,0,318,2.28,176,139,37,21.02,318,0,318,2.30,176,138,38,21.59
"115",1,"68930","Sedgwick",146,0,146,1.92,110,76,34,30.90,145,0,145,1.93,110,75,35,31.81,145,0,145,1.93,110,75,35,31.81,145,0,145,1.93,110,75,35,31.81,144,0,144,1.92,110,75,35,31.81,142,0,142,1.91,110,74,36,32.72
"115",1,"39965","Julesburg",1225,35,1190,2.08,730,570,160,21.91,1218,35,1183,2.08,730,567,163,22.32,1218,35,1183,2.08,730,567,163,22.32,1220,35,1185,2.08,730,568,162,22.19,1205,35,1170,2.08,730,560,170,23.28,1193,35,1158,2.08,730,555,175,23.97
"115",1,"99990","Unincorp. Area",690,0,690,2.24,399,307,92,23.05,686,0,686,2.24,399,305,94,23.55,687,0,687,2.24,399,306,93,23.30,688,0,688,2.24,399,306,93,23.30,681,0,681,2.24,401,303,98,24.43,678,0,678,2.24,403,302,101,25.06
"117",1,"70525","Silverthorne",3887,2,3885,2.67,2061,1451,610,29.59,3904,2,3902,2.67,2066,1457,609,29.47,3892,2,3890,2.67,2079,1453,626,30.11,3949,2,3947,2.67,2097,1474,623,29.70,4027,2,4025,2.67,2105,1503,602,28.59,4116,2,4114,2.67,2105,1537,568,26.98
"117",1,"08400","Breckenridge",4540,103,4437,2.28,6911,1946,4965,71.84,4552,103,4449,2.28,6915,1951,4964,71.78,4573,103,4470,2.28,7015,1960,5055,72.05,4633,103,4530,2.27,7067,1987,5080,71.88,4783,103,4680,2.27,7187,2053,5134,71.43,4887,103,4784,2.28,7187,2098,5089,70.80
"117",1,"20440","Dillon",904,0,904,1.98,1290,455,835,64.72,906,0,906,1.98,1290,456,834,64.65,898,0,898,1.98,1291,452,839,64.98,904,0,904,1.98,1291,455,836,64.75,918,0,918,1.98,1291,462,829,64.21,938,0,938,1.98,1291,472,819,63.43
"117",1,"28690","Frisco",2683,0,2683,2.06,3117,1298,1819,58.35,2694,0,2694,2.06,3123,1303,1820,58.27,2679,0,2679,2.06,3136,1296,1840,58.67,2719,0,2719,2.06,3163,1315,1848,58.42,2765,0,2765,2.06,3167,1338,1829,57.75,2827,0,2827,2.06,3167,1368,1799,56.80
"117",1,"51690","Montezuma",65,0,65,2.60,55,25,30,54.54,65,0,65,2.60,55,25,30,54.54,65,0,65,2.60,55,25,30,54.54,66,0,66,2.64,56,25,31,55.35,67,0,67,2.57,56,26,30,53.57,68,0,68,2.61,56,26,30,53.57
"117",1,"07410","Blue River",849,0,849,2.52,726,336,390,53.71,851,0,851,2.52,726,337,389,53.58,843,0,843,2.52,726,334,392,53.99,848,0,848,2.52,726,336,390,53.71,861,0,861,2.52,726,341,385,53.03,887,0,887,2.52,731,351,380,51.98
"117",1,"99990","Unincorp. Area",15066,168,14898,2.38,15682,6243,9439,60.19,15101,168,14933,2.38,15686,6258,9428,60.10,14991,168,14823,2.38,15722,6212,9510,60.48,15099,168,14931,2.38,15742,6257,9485,60.25,15338,168,15170,2.38,15742,6357,9385,59.61,15676,168,15508,2.38,15742,6499,9243,58.71
"119",1,"80865","Victor",397,0,397,1.87,337,212,125,37.09,398,0,398,1.86,337,213,124,36.79,396,0,396,1.87,338,211,127,37.57,398,0,398,1.86,340,213,127,37.35,396,0,396,1.87,341,211,130,38.12,375,0,375,1.87,342,200,142,41.52
"119",1,"86090","Woodland Park",7200,0,7200,2.46,3194,2919,275,8.60,7229,0,7229,2.46,3196,2931,265,8.29,7181,0,7181,2.46,3201,2911,290,9.05,7182,0,7182,2.46,3208,2912,296,9.22,7139,0,7139,2.46,3213,2894,319,9.92,8084,0,8084,2.46,3320,3273,47,1.41
"119",1,"18530","Cripple Creek",1189,0,1189,2.15,727,552,175,24.07,1193,0,1193,2.15,727,554,173,23.79,1185,0,1185,2.15,728,550,178,24.45,1184,0,1184,2.15,729,550,179,24.55,1175,0,1175,2.15,729,546,183,25.10,1108,0,1108,2.15,729,514,215,29.49
"119",,"32650","Green Mtn. Falls (Part)",28,0,28,1.86,33,15,18,54.54,28,0,28,1.86,33,15,18,54.54,28,0,28,1.86,33,15,18,54.54,28,0,28,1.86,33,15,18,54.54,28,0,28,1.86,33,15,18,54.54,26,0,26,1.85,33,14,19,57.57
"119",1,"99990","Unincorp. Area",14536,132,14404,2.35,8352,6107,2245,26.87,14593,132,14461,2.35,8358,6131,2227,26.64,14503,132,14371,2.35,8374,6093,2281,27.23,14553,132,14421,2.35,8419,6114,2305,27.37,14534,132,14402,2.35,8473,6106,2367,27.93,13801,132,13669,2.35,8523,5795,2728,32.00
"121",1,"00925","Akron",1702,184,1518,2.14,842,707,135,16.03,1703,184,1519,2.14,843,707,136,16.13,1692,184,1508,2.14,844,702,142,16.82,1669,184,1485,2.14,845,692,153,18.10,1683,184,1499,2.14,845,698,147,17.39,1685,184,1501,2.14,845,699,146,17.27
"121",1,"56365","Otis",475,0,475,2.35,248,202,46,18.54,475,0,475,2.35,248,202,46,18.54,470,0,470,2.35,248,200,48,19.35,463,0,463,2.35,248,197,51,20.56,467,0,467,2.34,248,199,49,19.75,468,0,468,2.35,248,199,49,19.75
"121",1,"99990","Unincorp. Area",2637,0,2637,2.46,1344,1071,273,20.31,2637,0,2637,2.46,1345,1071,274,20.37,2622,0,2622,2.46,1349,1065,284,21.05,2582,0,2582,2.46,1349,1049,300,22.23,2607,0,2607,2.46,1350,1059,291,21.55,2616,0,2616,2.46,1352,1062,290,21.44
"123",1,"59005","Pierce",834,0,834,2.67,337,312,25,7.41,837,0,837,2.67,337,313,24,7.12,845,0,845,2.67,337,316,21,6.23,856,0,856,2.67,337,320,17,5.04,864,0,864,2.67,337,323,14,4.15,875,0,875,2.67,337,327,10,2.96
"123",1,"60160","Platteville",2485,0,2485,2.87,937,863,74,7.89,2499,0,2499,2.87,939,868,71,7.56,2523,0,2523,2.88,939,876,63,6.70,2561,0,2561,2.88,941,889,52,5.52,2586,0,2586,2.87,941,898,43,4.56,2621,0,2621,2.88,942,910,32,3.39
"123",1,"63045","Raymer",96,0,96,2.59,55,37,18,32.72,96,0,96,2.59,55,37,18,32.72,97,0,97,2.62,55,37,18,32.72,99,0,99,2.60,55,38,17,30.90,99,0,99,2.60,55,38,17,30.90,101,0,101,2.58,55,39,16,29.09
"123",1,"69150","Severance",3165,0,3165,2.86,1161,1105,56,4.82,3204,0,3204,2.86,1171,1119,52,4.44,3276,0,3276,2.86,1186,1144,42,3.54,3335,0,3335,2.86,1192,1164,28,2.34,3395,0,3395,2.86,1202,1185,17,1.41,3522,0,3522,2.86,1231,1230,1,0.08
"123",,"77290","Thornton (Part)",0,0,0,0.00,0,0,0,0.00,,0,,,0,,,,,0,,,0,,,,,0,,,0,,,,,0,,,0,,,,,0,,,0,,,
"123",,"08675","Brighton (Part)",343,0,343,3.09,117,111,6,5.12,344,0,344,3.09,117,111,6,5.12,351,0,351,3.07,118,114,4,3.38,355,0,355,3.08,118,115,3,2.54,362,0,362,3.09,119,117,2,1.68,366,0,366,3.10,119,118,1,0.84
"123",,"85485","Windsor (Part)",14070,103,13967,2.70,5537,5166,371,6.70,14168,103,14065,2.70,5555,5202,353,6.35,14502,103,14399,2.70,5633,5326,307,5.45,15112,103,15009,2.70,5799,5551,248,4.27,15926,103,15823,2.70,6054,5852,202,3.33,16128,103,16025,2.70,6054,5927,127,2.09
"123",1,"19080","Dacono",4152,0,4152,2.84,1555,1459,96,6.17,4181,0,4181,2.84,1560,1469,91,5.83,4275,0,4275,2.84,1580,1502,78,4.93,4354,0,4354,2.84,1589,1530,59,3.71,4413,0,4413,2.84,1595,1551,44,2.75,4469,0,4469,2.84,1595,1570,25,1.56
"123",1,"22860","Eaton",4365,0,4365,2.69,1698,1621,77,4.53,4385,0,4385,2.69,1699,1628,71,4.17,4447,0,4447,2.69,1707,1651,56,3.28,4531,0,4531,2.69,1718,1683,35,2.03,4630,0,4630,2.69,1738,1719,19,1.09,4810,0,4810,2.69,1783,1783,0,0.00
"123",,"24950","Erie (Part)",9787,0,9787,2.80,3710,3491,219,5.90,9871,0,9871,2.80,3728,3521,207,5.55,10239,0,10239,2.80,3830,3652,178,4.64,10643,0,10643,2.80,3932,3796,136,3.45,11100,0,11100,2.80,4061,3959,102,2.51,11649,0,11649,2.80,4208,4155,53,1.25
"123",1,"25280","Evans",18537,4,18533,2.94,6761,6294,467,6.90,18649,4,18645,2.94,6776,6332,444,6.55,18954,4,18950,2.94,6822,6436,386,5.65,19445,4,19441,2.94,6912,6602,310,4.48,19695,4,19691,2.94,6933,6687,246,3.54,19495,4,19491,2.94,6776,6619,157,2.31
"123",1,"26600","Firestone",10147,0,10147,3.08,3499,3294,205,5.85,10247,0,10247,3.08,3520,3326,194,5.51,10591,0,10591,3.08,3604,3438,166,4.60,10888,0,10888,3.08,3659,3535,124,3.38,11154,0,11154,3.08,3712,3621,91,2.45,11524,0,11524,3.08,3787,3741,46,1.21
"123",1,"27700","Fort Lupton",7377,0,7377,3.08,2534,2391,143,5.64,7405,0,7405,3.08,2534,2400,134,5.28,7473,0,7473,3.08,2533,2422,111,4.38,7572,0,7572,3.08,2535,2454,81,3.19,7647,0,7647,3.08,2535,2479,56,2.20,7762,0,7762,3.08,2541,2516,25,0.98
"123",1,"28360","Frederick",8679,0,8679,2.94,3070,2950,120,3.90,8729,0,8729,2.94,3076,2967,109,3.54,8964,0,8964,2.94,3129,3047,82,2.62,9399,0,9399,2.94,3240,3195,45,1.38,10153,0,10153,2.94,3466,3451,15,0.43,10908,0,10908,2.96,3677,3677,0,0.00
"123",1,"03950","Ault",1519,0,1519,2.63,615,577,38,6.17,1525,0,1525,2.63,615,579,36,5.85,1539,0,1539,2.63,615,585,30,4.87,1559,0,1559,2.63,615,592,23,3.73,1579,0,1579,2.63,617,600,17,2.75,1612,0,1612,2.63,622,612,10,1.60
"123",1,"29185","Garden City",234,0,234,2.10,128,111,17,13.28,235,0,235,2.11,128,111,17,13.28,235,0,235,2.11,127,111,16,12.59,238,0,238,2.10,127,113,14,11.02,240,0,240,2.10,127,114,13,10.23,243,0,243,2.11,127,115,12,9.44
"123",1,"29955","Gilcrest",1034,0,1034,3.19,346,324,22,6.35,1038,0,1038,3.19,346,325,21,6.06,1048,0,1048,3.19,346,328,18,5.20,1061,0,1061,3.19,346,332,14,4.04,1071,0,1071,3.18,346,336,10,2.89,1085,0,1085,3.19,346,340,6,1.73
"123",1,"32155","Greeley",92889,4853,88036,2.63,36323,33427,2896,7.97,93253,4853,88400,2.63,36335,33565,2770,7.62,94299,4851,89448,2.63,36418,33963,2455,6.74,95330,4661,90669,2.63,36459,34427,2032,5.57,96465,4661,91804,2.63,36556,34858,1698,4.64,98666,4611,94055,2.63,36980,35712,1268,3.42
"123",1,"33310","Grover",137,0,137,2.20,90,62,28,31.11,138,0,138,2.22,90,62,28,31.11,139,0,139,2.20,90,63,27,30.00,141,0,141,2.20,90,64,26,28.88,142,0,142,2.21,90,64,26,28.88,144,0,144,2.21,90,65,25,27.77
"123",1,"37820","Hudson",2356,871,1485,2.90,557,511,46,8.25,2362,871,1491,2.90,557,513,44,7.89,2376,871,1505,2.90,557,518,39,7.00,2560,1036,1524,2.90,557,524,33,5.92,2580,1036,1544,2.90,559,531,28,5.00,1570,0,1570,2.90,561,540,21,3.74
"123",,"39855","Johnstown (Part)",9350,0,9350,2.98,3282,3131,151,4.60,9446,0,9446,2.98,3303,3163,140,4.23,9859,0,9859,2.98,3415,3301,114,3.33,10459,0,10459,2.98,3578,3502,76,2.12,11409,0,11409,2.98,3865,3820,45,1.16,12577,0,12577,2.98,4207,4207,0,0.00
"123",1,"40185","Keenesburg",1127,9,1118,2.55,463,438,25,5.39,1131,9,1122,2.55,463,440,23,4.96,1144,9,1135,2.55,464,445,19,4.09,1161,9,1152,2.55,465,451,14,3.01,1178,9,1169,2.55,467,458,9,1.92,1193,9,1184,2.55,467,464,3,0.64
"123",1,"40515","Kersey",1454,0,1454,2.94,531,494,37,6.96,1460,0,1460,2.94,531,496,35,6.59,1473,0,1473,2.94,531,500,31,5.83,1500,0,1500,2.94,534,510,24,4.49,1518,0,1518,2.94,535,516,19,3.55,1541,0,1541,2.94,536,524,12,2.23
"123",1,"43605","La Salle",1955,0,1955,2.79,746,699,47,6.30,1962,0,1962,2.79,746,702,44,5.89,1981,0,1981,2.79,746,708,38,5.09,2006,0,2006,2.79,746,717,29,3.88,2029,0,2029,2.79,747,725,22,2.94,2055,0,2055,2.79,747,735,12,1.60
"123",,"06255","Berthoud (Part)",63,0,63,3.31,20,19,1,5.00,63,0,63,3.31,20,19,1,5.00,64,0,64,3.36,20,19,1,5.00,65,0,65,3.25,20,20,0,0.00,65,0,65,3.25,20,20,0,0.00,69,0,69,3.28,21,21,0,0.00
"123",,"45530","Lochbuie (Part)",4724,0,4724,2.89,1761,1630,131,7.43,4806,0,4806,2.89,1785,1658,127,7.11,5078,0,5078,2.89,1868,1752,116,6.20,5219,0,5219,2.89,1896,1801,95,5.01,5273,0,5273,2.89,1897,1819,78,4.11,5362,0,5362,2.89,1905,1850,55,2.88
"123",,"45970","Longmont (Part)",30,16,14,1.75,11,8,3,27.27,30,16,14,1.75,11,8,3,27.27,119,16,103,1.74,80,59,21,26.25,121,16,105,1.75,80,60,20,25.00,122,16,106,1.73,80,61,19,23.75,123,16,107,1.75,80,61,19,23.75
"123",1,"49600","Mead",3405,0,3405,2.92,1215,1164,51,4.19,3438,0,3438,2.92,1222,1175,47,3.84,3471,0,3471,2.92,1222,1187,35,2.86,3514,0,3514,2.92,1222,1201,21,1.71,3778,0,3778,2.92,1301,1292,9,0.69,3908,0,3908,2.94,1329,1329,0,0.00
"123",1,"50480","Milliken",5610,0,5610,3.01,1978,1861,117,5.91,5634,0,5634,3.01,1979,1869,110,5.55,5702,0,5702,3.01,1984,1892,92,4.63,5783,0,5783,3.01,1987,1918,69,3.47,5890,0,5890,3.01,2004,1954,50,2.49,6072,0,6072,3.01,2040,2014,26,1.27
"123",,"54330","Northglenn (Part)",12,0,12,1.50,11,8,3,27.27,12,0,12,1.50,11,8,3,27.27,12,0,12,1.50,11,8,3,27.27,12,0,12,1.50,11,8,3,27.27,12,0,12,1.50,11,8,3,27.27,13,0,13,1.44,11,9,2,18.18
"123",1,"55045","Nunn",416,0,416,2.50,197,166,31,15.73,418,0,418,2.50,197,167,30,15.22,422,0,422,2.51,197,168,29,14.72,427,0,427,2.51,197,170,27,13.70,435,0,435,2.50,199,174,25,12.56,441,0,441,2.50,199,176,23,11.55
"123",1,"99990","Unincorp. Area",42473,39,42434,2.71,17036,15625,1411,8.28,42664,39,42625,2.71,17048,15695,1353,7.93,43177,39,43138,2.71,17089,15884,1205,7.05,43830,39,43791,2.71,17135,16125,1010,5.89,44437,39,44398,2.71,17202,16348,854,4.96,45175,39,45136,2.71,17267,16620,647,3.74
"125",1,"86310","Wray",2342,145,2197,2.36,1018,928,90,8.84,2340,145,2195,2.36,1018,927,91,8.93,2360,145,2215,2.36,1018,936,82,8.05,2356,145,2211,2.36,1021,934,87,8.52,2360,145,2215,2.36,1021,936,85,8.32,2370,145,2225,2.36,1023,940,83,8.11
"125",1,"86750","Yuma",3524,51,3473,2.53,1490,1370,120,8.05,3520,51,3469,2.53,1490,1368,122,8.18,3553,51,3502,2.53,1490,1381,109,7.31,3537,51,3486,2.53,1490,1375,115,7.71,3542,51,3491,2.53,1490,1377,113,7.58,3552,47,3505,2.53,1492,1383,109,7.30
"125",1,"23025","Eckley",257,0,257,2.33,132,110,22,16.66,257,0,257,2.33,132,110,22,16.66,259,0,259,2.33,132,111,21,15.90,258,0,258,2.34,132,110,22,16.66,258,0,258,2.34,132,110,22,16.66,259,0,259,2.33,132,111,21,15.90
"125",1,"99990","Unincorp. Area",3920,0,3920,2.53,1826,1544,282,15.44,3915,0,3915,2.53,1826,1542,284,15.55,3953,0,3953,2.53,1826,1557,269,14.73,3935,0,3935,2.53,1826,1550,276,15.11,3941,0,3941,2.53,1826,1552,274,15.00,3951,0,3951,2.53,1826,1556,270,14.78
"013",1,"07850","Boulder",97385,8105,89280,2.16,43479,41302,2177,5.00,97910,8552,89358,2.16,43497,41369,2128,4.89,100169,9159,91010,2.16,43912,42134,1778,4.04,101384,9161,92223,2.15,43982,42696,1286,2.92,103097,9485,93612,2.15,44374,43339,1035,2.33,105270,9936,95334,2.16,45218,44136,1082,2.39
"013",,"75640","Superior (Part)",12483,0,12483,2.77,4698,4496,202,4.29,12499,0,12499,2.77,4698,4502,196,4.17,12612,0,12612,2.77,4699,4542,157,3.34,12762,0,12762,2.77,4700,4596,104,2.21,12843,0,12843,2.77,4701,4626,75,1.59,12857,0,12857,2.77,4709,4631,78,1.65
"013",1,"82735","Ward",150,0,150,2.00,101,75,26,25.74,150,0,150,2.00,101,75,26,25.74,152,0,152,2.00,101,76,25,24.75,153,0,153,2.01,101,76,24,23.76,154,0,154,2.00,101,77,24,23.76,154,0,154,2.00,101,77,24,23.76
"013",,"24950","Erie (Part)",8348,0,8348,2.97,2871,2810,61,2.12,8397,0,8397,2.97,2884,2826,58,2.01,8691,0,8691,2.97,2959,2925,34,1.14,8941,0,8941,2.97,3009,3009,0,0.00,9035,0,9035,2.98,3022,3022,0,0.00,9170,0,9170,2.98,3069,3069,0,0.00
"013",1,"39195","Jamestown",274,0,274,2.09,141,131,10,7.09,274,0,274,2.09,141,131,10,7.09,277,0,277,2.09,141,132,9,6.38,278,0,278,2.09,140,133,7,5.00,280,0,280,2.08,140,134,6,4.28,260,0,260,2.09,130,124,6,4.61
"013",1,"41835","Lafayette",24453,30,24423,2.53,9997,9632,365,3.65,24548,30,24518,2.53,10023,9669,354,3.53,24829,30,24799,2.53,10049,9780,269,2.67,25780,30,25750,2.53,10314,10155,159,1.54,26699,30,26669,2.53,10617,10518,99,0.93,26786,30,26756,2.53,10658,10552,106,0.99
"013",,"45970","Longmont (Part)",86240,623,85617,2.57,34997,33244,1753,5.00,86381,623,85758,2.57,35011,33299,1712,4.88,87404,623,86781,2.57,35117,33696,1421,4.04,88703,623,88080,2.57,35230,34200,1030,2.92,90177,623,89554,2.57,35603,34773,830,2.33,90732,623,90109,2.57,35845,34988,857,2.39
"013",1,"46355","Louisville",18376,133,18243,2.42,7892,7537,355,4.49,18408,133,18275,2.42,7896,7550,346,4.38,18570,133,18437,2.42,7896,7617,279,3.53,18966,133,18833,2.42,7972,7781,191,2.39,19486,133,19353,2.42,8143,7996,147,1.80,20047,133,19914,2.42,8384,8227,157,1.87
"013",1,"47070","Lyons",2033,0,2033,2.36,904,861,43,4.75,2038,0,2038,2.36,905,863,42,4.64,2067,0,2067,2.36,910,875,35,3.84,2091,0,2091,2.36,910,886,24,2.63,2104,0,2104,2.36,910,891,19,2.08,1946,0,1946,2.36,842,824,18,2.13
"013",1,"53175","Nederland",1445,5,1440,2.19,749,657,92,12.28,1447,5,1442,2.19,749,658,91,12.14,1462,5,1457,2.19,750,665,85,11.33,1477,5,1472,2.19,749,672,77,10.28,1488,5,1483,2.19,750,677,73,9.73,1498,5,1493,2.19,756,681,75,9.92
"013",1,"99990","Unincorp. Area",43380,53,43327,2.33,21242,18555,2687,12.64,43553,53,43500,2.33,21309,18632,2677,12.56,43984,53,43931,2.33,21331,18817,2514,11.78,44613,53,44560,2.33,21385,19086,2299,10.75,45005,53,44952,2.33,21443,19254,2189,10.20,44988,53,44935,2.33,21447,19247,2200,10.25
"014",1,"09280","Broomfield",55889,282,55607,2.59,22646,21414,1232,5.44,56107,282,55825,2.59,22684,21498,1186,5.22,57219,282,56937,2.59,22684,21926,758,3.34,58784,282,58502,2.59,22906,22529,377,1.64,60172,282,59890,2.59,24790,23063,1727,6.96,61826,282,61544,2.59,25667,23700,1967,7.66
"015",1,"60600","Poncha Springs",737,0,737,2.30,362,320,42,11.60,737,0,737,2.30,363,320,43,11.84,745,0,745,2.30,367,323,44,11.98,749,0,749,2.30,369,325,44,11.92,761,0,761,2.30,372,330,42,11.29,764,0,764,2.30,376,332,44,11.70
"015",1,"67280","Salida",5236,175,5061,2.01,2894,2515,379,13.09,5233,175,5058,2.01,2901,2514,387,13.34,5280,175,5105,2.01,2929,2537,392,13.38,5318,175,5143,2.01,2949,2556,393,13.32,5406,175,5231,2.01,2976,2599,377,12.66,5416,175,5241,2.01,3006,2604,402,13.37
"015",1,"10105","Buena Vista",2617,0,2617,2.19,1378,1194,184,13.35,2615,0,2615,2.19,1381,1193,188,13.61,2640,0,2640,2.19,1395,1204,191,13.69,2659,0,2659,2.19,1404,1213,191,13.60,2722,0,2722,2.19,1426,1242,184,12.90,2725,0,2725,2.19,1439,1243,196,13.62
"015",1,"99990","Unincorp. Area",9219,1261,7958,2.22,5386,3572,1814,33.67,9212,1261,7951,2.22,5398,3569,1829,33.88,9344,1317,8027,2.22,5450,3603,1847,33.88,9398,1314,8084,2.22,5486,3629,1857,33.84,9389,1170,8219,2.22,5535,3689,1846,33.35,9549,1316,8233,2.22,5590,3695,1895,33.89
"017",1,"14175","Cheyenne Wells",846,27,819,2.14,429,381,48,11.18,845,27,818,2.14,429,381,48,11.18,861,27,834,2.14,430,388,42,9.76,869,27,842,2.14,430,392,38,8.83,871,27,844,2.14,431,393,38,8.81,856,27,829,2.14,431,386,45,10.44
"017",1,"41010","Kit Carson",233,15,218,2.31,146,94,52,35.61,233,15,218,2.31,146,94,52,35.61,236,15,221,2.32,146,95,51,34.93,239,15,224,2.30,146,97,49,33.56,239,15,224,2.30,146,97,49,33.56,235,15,220,2.31,146,95,51,34.93
"017",1,"99990","Unincorp. Area",757,0,757,2.43,400,311,89,22.25,756,0,756,2.43,400,311,89,22.25,769,0,769,2.43,400,316,84,21.00,777,0,777,2.43,400,319,81,20.25,792,0,792,2.43,408,325,83,20.34,779,0,779,2.43,409,320,89,21.76
"019",1,"70360","Silver Plume",170,0,170,2.02,145,84,61,42.06,170,0,170,2.02,145,84,61,42.06,169,0,169,2.01,145,84,61,42.06,169,0,169,2.01,145,84,61,42.06,169,0,169,2.01,145,84,61,42.06,171,0,171,2.03,145,84,61,42.06
"019",,"12910","Central City (Part)",0,0,0,0.00,0,0,0,0.00,,0,,,0,,,,,0,,,0,,,,,0,,,0,,,,,0,,,0,,,,,0,,,0,,,
"019",1,"24620","Empire",282,0,282,1.73,194,163,31,15.97,283,0,283,1.72,194,164,30,15.46,281,0,281,1.73,195,162,33,16.92,283,0,283,1.72,196,164,32,16.32,283,0,283,1.72,196,164,32,16.32,287,0,287,1.72,197,166,31,15.73
"019",1,"29735","Georgetown",1034,66,968,1.91,758,505,253,33.37,1056,86,970,1.91,758,506,252,33.24,1015,51,964,1.91,759,503,256,33.72,1027,65,962,1.91,759,502,257,33.86,1001,38,963,1.91,759,502,257,33.86,1000,28,972,1.91,759,507,252,33.20
"019",1,"38370","Idaho Sprgs",1717,0,1717,2.07,934,828,106,11.34,1750,30,1720,2.07,934,829,105,11.24,1738,30,1708,2.07,934,824,110,11.77,1735,31,1704,2.07,934,822,112,11.99,1736,29,1707,2.07,934,823,111,11.88,1753,31,1722,2.07,934,830,104,11.13
"019",1,"99990","Unincorp. Area",5885,18,5867,2.23,3654,2628,1026,28.07,5896,15,5881,2.23,3656,2634,1022,27.95,5866,9,5857,2.23,3667,2624,1043,28.44,5878,11,5867,2.23,3682,2628,1054,28.62,5879,9,5870,2.23,3677,2629,1048,28.50,5942,12,5930,2.23,3682,2656,1026,27.86
"021",1,"65740","Romeo",404,0,404,3.06,156,132,24,15.38,405,0,405,3.06,156,132,24,15.38,404,0,404,3.06,156,132,24,15.38,401,0,401,3.06,156,131,25,16.02,398,0,398,3.06,156,130,26,16.66,398,0,398,3.06,156,130,26,16.66
"021",1,"67830","Sanford",879,0,879,2.88,350,305,45,12.85,881,0,881,2.87,350,306,44,12.57,879,0,879,2.88,350,305,45,12.85,873,0,873,2.88,350,303,47,13.42,867,0,867,2.88,350,301,49,14.00,865,0,865,2.88,350,300,50,14.28
"021",1,"02355","Antonito",781,1,780,2.26,407,344,63,15.47,783,1,782,2.26,407,345,62,15.23,781,1,780,2.26,407,344,63,15.47,775,1,774,2.26,407,341,66,16.21,770,1,769,2.26,407,339,68,16.70,769,1,768,2.26,407,339,68,16.70
"021",1,"42055","La Jara",818,5,813,2.59,355,313,42,11.83,820,5,815,2.59,355,314,41,11.54,818,5,813,2.59,355,313,42,11.83,812,5,807,2.59,355,311,44,12.39,807,5,802,2.59,355,309,46,12.95,807,5,802,2.59,356,309,47,13.20
"021",1,"48060","Manassa",991,0,991,2.70,425,366,59,13.88,993,0,993,2.70,425,367,58,13.64,991,0,991,2.70,425,366,59,13.88,984,0,984,2.71,425,363,62,14.58,977,0,977,2.70,425,361,64,15.05,975,0,975,2.70,425,360,65,15.29
"021",1,"99990","Unincorp. Area",4383,30,4353,2.62,2593,1658,935,36.05,4400,30,4370,2.62,2597,1664,933,35.92,4415,30,4385,2.62,2614,1670,944,36.11,4409,30,4379,2.62,2627,1668,959,36.50,4400,30,4370,2.62,2640,1664,976,36.96,4415,30,4385,2.62,2654,1670,984,37.07
"023",1,"68105","San Luis",629,0,629,2.21,381,284,97,25.45,628,0,628,2.21,381,284,97,25.45,643,0,643,2.21,381,290,91,23.88,630,0,630,2.21,381,284,97,25.45,619,0,619,2.21,384,279,105,27.34,616,0,616,2.21,384,278,106,27.60
"023",1,"07190","Blanca",385,0,385,2.71,167,142,25,14.97,385,0,385,2.71,167,142,25,14.97,393,0,393,2.71,167,145,22,13.17,385,0,385,2.71,167,142,25,14.97,376,0,376,2.70,167,139,28,16.76,374,0,374,2.71,167,138,29,17.36
"023",1,"99990","Unincorp. Area",2510,0,2510,2.23,2065,1124,941,45.56,2519,0,2519,2.23,2074,1128,946,45.61,2611,0,2611,2.23,2103,1169,934,44.41,2585,0,2585,2.23,2125,1158,967,45.50,2546,0,2546,2.23,2147,1140,1007,46.90,2566,0,2566,2.23,2174,1149,1025,47.14
"025",1,"74815","Sugar City",258,0,258,2.22,151,116,35,23.17,259,0,259,2.23,151,116,35,23.17,261,0,261,2.23,151,117,34,22.51,252,0,252,2.23,151,113,38,25.16,249,0,249,2.22,151,112,39,25.82,248,0,248,2.21,151,112,39,25.82
"025",1,"18750","Crowley",176,0,176,2.22,88,79,9,10.22,177,0,177,2.24,88,79,9,10.22,178,0,178,2.22,88,80,8,9.09,172,0,172,2.23,88,77,11,12.50,170,0,170,2.23,88,76,12,13.63,169,0,169,2.22,88,76,12,13.63
"025",1,"55705","Olney Springs",345,0,345,2.55,161,135,26,16.14,347,0,347,2.55,161,136,25,15.52,349,0,349,2.54,161,137,24,14.90,338,0,338,2.56,161,132,29,18.01,332,0,332,2.55,161,130,31,19.25,332,0,332,2.55,161,130,31,19.25
"025",1,"56145","Ordway",1080,35,1045,2.33,540,447,93,17.22,1085,35,1050,2.33,540,449,91,16.85,1093,35,1058,2.33,541,453,88,16.26,1059,35,1024,2.33,541,438,103,19.03,1043,35,1008,2.33,541,431,110,20.33,1041,35,1006,2.33,541,430,111,20.51
"025",1,"99990","Unincorp. Area",3964,2647,1317,2.48,619,529,90,14.53,3970,2647,1323,2.49,619,531,88,14.21,3938,2603,1335,2.49,622,536,86,13.82,3556,2256,1300,2.49,624,522,102,16.34,3486,2207,1279,2.48,624,514,110,17.62,3761,2481,1280,2.49,626,514,112,17.89
"027",1,"70250","Silver Cliff",587,0,587,1.97,401,297,104,25.93,591,0,591,1.97,404,299,105,25.99,587,0,587,1.97,412,297,115,27.91,580,0,580,1.97,412,293,119,28.88,582,0,582,1.97,413,294,119,28.81,588,0,588,1.97,413,298,115,27.84
"027",1,"83450","Westcliffe",568,150,418,2.09,288,200,88,30.55,568,150,418,2.09,288,200,88,30.55,560,150,410,2.09,290,196,94,32.41,561,150,411,2.08,294,197,97,32.99,564,150,414,2.09,296,198,98,33.10,572,150,422,2.08,299,202,97,32.44
"027",1,"99990","Unincorp. Area",3100,0,3100,2.17,3267,1428,1839,56.29,3113,0,3113,2.17,3279,1434,1845,56.26,3077,0,3077,2.17,3332,1417,1915,57.47,3099,0,3099,2.17,3393,1428,1965,57.91,3141,0,3141,2.17,3443,1447,1996,57.97,3213,0,3213,2.17,3486,1480,2006,57.54
"029",1,"57300","Paonia",1451,37,1414,2.15,743,657,86,11.57,1450,37,1413,2.15,744,657,87,11.69,1426,37,1389,2.15,744,645,99,13.30,1423,37,1386,2.15,743,644,99,13.32,1568,37,1531,2.15,824,711,113,13.71,1656,37,1619,2.15,889,752,137,15.41
"029",1,"12635","Cedaredge",2253,0,2253,2.10,1180,1068,112,9.49,2248,0,2248,2.10,1180,1066,114,9.66,2213,0,2213,2.10,1181,1049,132,11.17,2210,0,2210,2.10,1181,1048,133,11.26,2206,0,2206,2.10,1183,1046,137,11.58,2163,0,2163,2.11,1184,1025,159,13.42
"029",1,"17925","Crawford",431,0,431,2.39,212,180,32,15.09,430,0,430,2.38,212,180,32,15.09,423,0,423,2.38,212,177,35,16.50,422,0,422,2.39,212,176,36,16.98,421,0,421,2.39,212,176,36,16.98,412,0,412,2.39,212,172,40,18.86
"029",1,"19850","Delta",8915,136,8779,2.48,3825,3530,295,7.71,8897,136,8761,2.48,3826,3523,303,7.91,8768,136,8632,2.48,3833,3471,362,9.44,8846,136,8710,2.48,3873,3502,371,9.57,8821,136,8685,2.48,3875,3492,383,9.88,8652,136,8516,2.48,3878,3424,454,11.70
"029",1,"37545","Hotchkiss",944,0,944,2.23,471,422,49,10.40,942,0,942,2.23,471,421,50,10.61,926,0,926,2.23,471,414,57,12.10,925,0,925,2.23,471,414,57,12.10,922,0,922,2.23,471,412,59,12.52,903,0,903,2.23,471,404,67,14.22
"029",1,"55980","Orchard City",3119,55,3064,2.34,1417,1308,109,7.69,3114,55,3059,2.34,1418,1306,112,7.89,3067,55,3012,2.34,1420,1286,134,9.43,3072,55,3017,2.34,1424,1288,136,9.55,3061,55,3006,2.34,1424,1283,141,9.90,3009,55,2954,2.34,1428,1261,167,11.69
"029",1,"99990","Unincorp. Area",13839,485,13354,2.41,6724,5538,1186,17.63,13808,485,13323,2.41,6724,5525,1199,17.83,13557,452,13105,2.41,6724,5435,1289,19.17,13580,495,13085,2.41,6724,5426,1298,19.30,13356,317,13039,2.41,6724,5407,1317,19.58,13232,455,12777,2.41,6724,5299,1425,21.19
"003",1,"01090","Alamosa",8780,672,8108,2.36,3671,3426,245,6.67,8796,672,8124,2.36,3675,3433,242,6.58,8916,672,8244,2.36,3700,3483,217,5.86,8915,672,8243,2.36,3708,3483,225,6.06,9027,672,8355,2.36,3762,3530,232,6.16,9115,797,8318,2.36,3778,3515,263,6.96
"003",1,"37380","Hooper",103,0,103,2.34,62,44,18,29.03,103,0,103,2.34,62,44,18,29.03,104,0,104,2.36,62,44,18,29.03,104,0,104,2.36,62,44,18,29.03,104,0,104,2.36,62,44,18,29.03,103,0,103,2.34,62,44,18,29.03
"003",1,"99990","Unincorp. Area",6562,68,6494,2.57,2821,2525,296,10.49,6575,68,6507,2.57,2824,2530,294,10.41,6659,68,6591,2.57,2838,2563,275,9.68,6672,68,6604,2.57,2850,2568,282,9.89,6690,68,6622,2.57,2861,2575,286,9.99,6652,68,6584,2.57,2869,2560,309,10.77
"031",1,"20000","Denver",600158,15981,584177,2.22,285797,263107,22690,7.93,604879,15981,588898,2.22,286635,265233,21402,7.46,620807,16230,604577,2.22,287748,272295,15453,5.37,634814,16224,618590,2.22,289042,278606,10436,3.61,648978,16133,632845,2.22,290495,285026,5469,1.88,664220,16240,647980,2.22,290873,290873,0,0.00
"033",1,"64090","Rico",265,0,265,2.12,210,125,85,40.47,264,0,264,2.11,210,125,85,40.47,260,0,260,2.11,210,123,87,41.42,255,0,255,2.12,210,120,90,42.85,260,0,260,2.11,211,123,88,41.70,249,0,249,2.12,211,117,94,44.54
"033",1,"21265","Dove Creek",735,0,735,2.37,360,309,51,14.16,734,0,734,2.37,360,309,51,14.16,720,0,720,2.37,360,303,57,15.83,707,0,707,2.38,360,297,63,17.50,718,0,718,2.37,360,302,58,16.11,688,0,688,2.38,360,289,71,19.72
"033",1,"99990","Unincorp. Area",1064,0,1064,2.28,898,465,433,48.21,1062,0,1062,2.28,898,464,434,48.32,1042,0,1042,2.29,898,455,443,49.33,1022,0,1022,2.28,898,447,451,50.22,1039,0,1039,2.28,898,454,444,49.44,996,0,996,2.28,898,435,463,51.55
"035",1,"57630","Parker",45297,28,45269,2.84,16533,15917,616,3.72,45488,38,45450,2.84,16544,15981,563,3.40,46199,38,46161,2.84,16652,16231,421,2.52,47351,38,47313,2.84,16873,16636,237,1.40,48720,38,48682,2.84,17230,17117,113,0.65,49700,38,49662,2.85,17391,17391,0,0.00
"001",,"77290","Thornton (Part)",118772,462,118310,2.86,43230,41359,1871,4.32,119409,462,118947,2.86,43288,41582,1706,3.94,121819,462,121357,2.86,43533,42424,1109,2.54,124249,462,123787,2.86,43777,43274,503,1.14,127450,462,126988,2.86,44309,44309,0,0.00,129403,462,128941,2.91,44309,44309,0,0.00
"001",,"08675","Brighton (Part)",33009,1546,31463,2.94,11270,10677,593,5.26,33161,1546,31615,2.94,11279,10729,550,4.87,33757,1543,32214,2.94,11328,10932,396,3.49,34363,1543,32820,2.94,11378,11137,241,2.11,35935,1543,34392,2.94,11764,11671,93,0.79,36711,1543,35168,2.96,11847,11847,0,0.00
"001",,"83835","Westminster (Part)",63696,321,63375,2.49,26727,25404,1323,4.95,63969,321,63648,2.49,26734,25513,1221,4.56,64958,321,64637,2.49,26761,25910,851,3.18,65966,321,65645,2.49,26794,26314,480,1.79,66884,321,66563,2.49,26806,26682,124,0.46,67992,321,67671,2.52,26839,26839,0,0.00
"001",1,"16495","Commerce City",45913,351,45562,3.14,15452,14479,973,6.29,46191,351,45840,3.14,15484,14567,917,5.92,47554,351,47203,3.14,15716,15000,716,4.55,48566,351,48215,3.14,15826,15322,504,3.18,49753,351,49402,3.14,15999,15699,300,1.87,51686,351,51335,3.14,16373,16314,59,0.36
"001",,"03455","Arvada (Part)",2849,6,2843,2.56,1151,1108,43,3.73,2862,6,2856,2.56,1152,1113,39,3.38,2904,6,2898,2.56,1152,1129,23,1.99,2946,6,2940,2.56,1152,1146,6,0.52,2985,6,2979,2.58,1152,1152,0,0.00,3031,6,3025,2.62,1152,1152,0,0.00
"001",1,"26270","Federal Heights",11467,0,11467,2.58,4876,4436,440,9.02,11515,0,11515,2.58,4877,4455,422,8.65,11682,0,11682,2.58,4877,4519,358,7.34,11850,0,11850,2.58,4877,4584,293,6.00,12045,0,12045,2.58,4891,4660,231,4.72,12230,0,12230,2.58,4891,4731,160,3.27
"001",,"45530","Lochbuie (Part)",2,0,2,2.00,1,1,0,0.00,2,0,2,2.00,1,1,0,0.00,2,0,2,2.00,1,1,0,0.00,2,0,2,2.00,1,1,0,0.00,2,0,2,2.00,1,1,0,0.00,2,0,2,2.00,1,1,0,0.00
"001",,"04000","Aurora (Part)",39871,904,38967,3.07,14135,12672,1463,10.35,40045,904,39141,3.07,14141,12729,1412,9.98,40699,922,39777,3.07,14165,12935,1230,8.68,41796,899,40897,3.07,14358,13300,1058,7.36,42371,909,41462,3.07,14362,13483,879,6.12,43431,1014,42417,3.07,14470,13794,676,4.67
"001",,"06090","Bennett (Part)",1955,0,1955,2.73,772,714,58,7.51,1963,0,1963,2.73,772,717,55,7.12,1991,0,1991,2.73,772,727,45,5.82,2020,0,2020,2.73,772,738,34,4.40,2047,0,2047,2.73,772,748,24,3.10,2079,0,2079,2.73,772,759,13,1.68
"001",,"54330","Northglenn (Part)",35777,129,35648,2.64,14263,13484,779,5.46,35921,129,35792,2.64,14263,13538,725,5.08,36441,129,36312,2.64,14263,13735,528,3.70,36961,129,36832,2.64,14263,13932,331,2.32,37460,129,37331,2.64,14263,14121,142,0.99,38635,129,38506,2.65,14489,14489,0,0.00
"001",1,"99990","Unincorp. Area",88292,308,87984,2.98,31259,29430,1829,5.85,88673,308,88365,2.98,31268,29557,1711,5.47,90119,308,89811,2.98,31325,30041,1284,4.09,91535,308,91227,2.98,31369,30515,854,2.72,93004,308,92696,2.98,31448,31006,442,1.40,95117,308,94809,2.99,31678,31678,0,0.00
"101",1,"07795","Boone",339,8,331,2.38,182,139,43,23.62,340,8,332,2.38,182,139,43,23.62,342,8,334,2.38,183,140,43,23.49,343,8,335,2.37,183,141,42,22.95,344,8,336,2.38,184,141,43,23.36,345,8,337,2.37,184,142,42,22.82
"101",1,"62000","Pueblo",106595,4045,102550,2.36,47593,43290,4303,9.04,106882,4045,102837,2.36,47654,43411,4243,8.90,107269,4051,103218,2.36,47747,43572,4175,8.74,107670,4229,103441,2.36,47787,43666,4121,8.62,107897,4194,103703,2.36,47973,43777,4196,8.74,108177,4146,104031,2.36,48059,43915,4144,8.62
"101",1,"66895","Rye",153,0,153,2.15,115,71,44,38.26,153,0,153,2.15,115,71,44,38.26,154,0,154,2.16,115,71,44,38.26,154,0,154,2.16,115,71,44,38.26,153,0,153,2.15,115,71,44,38.26,154,0,154,2.16,115,71,44,38.26
"101",1,"99990","Unincorp. Area",51976,268,51708,2.65,21636,19472,2164,10.00,52121,268,51853,2.65,21664,19527,2137,9.86,52504,268,52236,2.65,21786,19671,2115,9.70,52717,268,52449,2.65,21846,19751,2095,9.58,52825,268,52557,2.65,21920,19792,2128,9.70,53106,268,52838,2.65,22008,19898,2110,9.58
"103",1,"62880","Rangely",2365,187,2178,2.46,1013,885,128,12.63,2349,187,2162,2.46,1015,878,137,13.49,2364,142,2222,2.46,1023,903,120,11.73,2418,205,2213,2.46,1031,899,132,12.80,2416,208,2208,2.46,1039,897,142,13.66,2364,190,2174,2.46,1041,883,158,15.17
"103",1,"49875","Meeker",2475,43,2432,2.40,1219,1013,206,16.89,2452,43,2409,2.40,1219,1003,216,17.71,2501,43,2458,2.40,1220,1024,196,16.06,2473,43,2430,2.40,1220,1012,208,17.04,2450,43,2407,2.39,1221,1003,218,17.85,2411,43,2368,2.40,1222,986,236,19.31
"103",1,"99990","Unincorp. Area",1826,5,1821,2.43,1077,749,328,30.45,1816,5,1811,2.43,1081,745,336,31.08,1875,5,1870,2.43,1095,769,326,29.77,1868,5,1863,2.43,1104,766,338,30.61,1848,5,1843,2.43,1103,758,345,31.27,1832,5,1827,2.43,1113,751,362,32.52
"105",1,"72395","South Fork",386,6,380,2.14,596,177,419,70.30,386,6,380,2.14,596,177,419,70.30,382,6,376,2.14,596,175,421,70.63,380,6,374,2.14,596,174,422,70.80,374,6,368,2.15,596,171,425,71.30,369,6,363,2.14,596,169,427,71.64
"105",,"12855","Center (Part)",218,0,218,2.47,96,88,8,8.33,218,0,218,2.47,96,88,8,8.33,216,0,216,2.48,96,87,9,9.37,215,0,215,2.47,96,87,9,9.37,211,0,211,2.48,96,85,11,11.45,208,0,208,2.47,96,84,12,12.50
"105",1,"19795","Del Norte",1686,41,1645,2.41,851,682,169,19.85,1688,41,1647,2.41,851,683,168,19.74,1676,41,1635,2.41,854,678,176,20.60,1671,41,1630,2.41,856,676,180,21.02,1648,41,1607,2.41,858,666,192,22.37,1629,41,1588,2.41,860,658,202,23.48
"105",1,"51635","Monte Vista",4444,54,4390,2.47,1960,1774,186,9.48,4451,54,4397,2.47,1961,1777,184,9.38,4418,54,4364,2.47,1968,1763,205,10.41,4406,54,4352,2.47,1973,1759,214,10.84,4345,54,4291,2.47,1978,1734,244,12.33,4295,54,4241,2.47,1982,1714,268,13.52
"105",1,"99990","Unincorp. Area",5248,97,5151,2.50,3127,2058,1069,34.18,5258,97,5161,2.50,3129,2062,1067,34.10,5218,97,5121,2.50,3140,2046,1094,34.84,5202,97,5105,2.50,3147,2040,1107,35.17,5132,97,5035,2.50,3155,2012,1143,36.22,5073,97,4976,2.50,3161,1988,1173,37.10
"107",1,"73825","Steamboat Springs",12088,278,11810,2.27,9966,5201,4765,47.81,12052,278,11774,2.27,9977,5185,4792,48.03,11948,281,11667,2.27,9993,5138,4855,48.58,11926,248,11678,2.27,10015,5143,4872,48.64,12072,280,11792,2.27,10045,5193,4852,48.30,12291,289,12002,2.27,10081,5286,4795,47.56
"107",1,"86475","Yampa",429,0,429,2.45,214,175,39,18.22,427,0,427,2.45,214,174,40,18.69,423,0,423,2.44,214,173,41,19.15,424,0,424,2.45,215,173,42,19.53,429,0,429,2.45,216,175,41,18.98,437,0,437,2.45,217,178,39,17.97
"107",1,"35070","Hayden",1810,0,1810,2.45,806,737,69,8.56,1805,0,1805,2.45,807,735,72,8.92,1794,0,1794,2.45,811,730,81,9.98,1794,0,1794,2.45,812,730,82,10.09,1809,0,1809,2.45,813,737,76,9.34,1844,0,1844,2.45,817,751,66,8.07
"107",1,"55155","Oak Creek",884,0,884,2.24,510,393,117,22.94,882,0,882,2.25,511,392,119,23.28,874,0,874,2.24,512,389,123,24.02,873,0,873,2.25,512,388,124,24.21,876,0,876,2.25,510,389,121,23.72,886,0,886,2.24,509,394,115,22.59
"107",1,"99990","Unincorp. Area",8298,57,8241,2.43,4807,3386,1421,29.56,8273,57,8216,2.43,4812,3376,1436,29.84,8198,57,8141,2.43,4820,3345,1475,30.60,8211,57,8154,2.43,4833,3350,1483,30.68,8292,57,8235,2.43,4849,3384,1465,30.21,8438,57,8381,2.43,4866,3444,1422,29.22
"109",1,"07571","Bonanza City",16,0,16,1.60,42,10,32,76.19,16,0,16,1.60,42,10,32,76.19,16,0,16,1.60,42,10,32,76.19,16,0,16,1.60,42,10,32,76.19,16,0,16,1.60,42,10,32,76.19,16,0,16,1.60,42,10,32,76.19
"109",1,"67005","Saguache",485,18,467,1.97,345,237,108,31.30,486,18,468,1.96,345,238,107,31.01,488,18,470,1.96,346,239,107,30.92,495,18,477,1.97,346,242,104,30.05,485,18,467,1.97,346,237,109,31.50,479,18,461,1.97,346,234,112,32.36
"109",,"12855","Center (Part)",2012,0,2012,2.85,829,705,124,14.95,2015,0,2015,2.85,829,706,123,14.83,2019,0,2019,2.85,829,707,122,14.71,2052,0,2052,2.85,829,719,110,13.26,2009,0,2009,2.85,829,704,125,15.07,1982,0,1982,2.85,829,694,135,16.28
"109",1,"18420","Crestone",127,0,127,1.92,107,66,41,38.31,144,0,144,2.08,110,69,41,37.27,140,0,140,1.97,111,71,40,36.03,152,0,152,2.00,115,76,39,33.91,147,0,147,2.10,111,70,41,36.93,152,0,152,2.08,117,73,44,37.60
"109",1,"51250","Moffat",116,0,116,2.27,70,51,19,27.14,116,0,116,2.27,70,51,19,27.14,116,0,116,2.27,70,51,19,27.14,118,0,118,2.26,70,52,18,25.71,116,0,116,2.27,70,51,19,27.14,114,0,114,2.28,70,50,20,28.57
"109",1,"99990","Unincorp. Area",3352,0,3352,2.13,2450,1571,879,35.87,3367,0,3367,2.13,2458,1578,880,35.80,3420,0,3420,2.13,2491,1603,888,35.64,3505,0,3505,2.13,2511,1643,868,34.56,3472,0,3472,2.13,2542,1627,915,35.99,3463,0,3463,2.13,2570,1623,947,36.84
"035",1,"12387","City of Castle Pines",10360,0,10360,2.96,3637,3493,144,3.95,10403,8,10395,2.96,3637,3505,132,3.62,10537,8,10529,2.96,3651,3550,101,2.76,10697,8,10689,2.96,3664,3604,60,1.63,10799,8,10791,2.96,3671,3638,33,0.89,10917,8,10909,2.97,3672,3672,0,0.00
"035",1,"12415","Castle Rock",48231,460,47771,2.86,17626,16688,938,5.32,48666,543,48123,2.86,17697,16811,886,5.00,49779,523,49256,2.86,17951,17207,744,4.14,50829,523,50306,2.86,18125,17574,551,3.04,52799,539,52260,2.86,18686,18257,429,2.29,54364,539,53825,2.86,19042,18803,239,1.25
"035",,"04000","Aurora (Part)",117,0,117,2.85,48,41,7,14.58,117,0,117,2.85,48,41,7,14.58,195,0,195,2.86,79,68,11,13.92,250,0,250,2.84,100,88,12,12.00,274,0,274,2.85,109,96,13,11.92,331,0,331,2.85,130,116,14,10.76
"035",1,"43550","Larkspur",183,0,183,2.25,90,81,9,10.00,184,0,184,2.27,90,81,9,10.00,185,0,185,2.25,90,82,8,8.88,187,0,187,2.25,90,83,7,7.77,189,0,189,2.25,90,84,6,6.66,191,0,191,2.24,90,85,5,5.55
"035",,"45255","Littleton (Part)",28,0,28,1.86,17,15,2,11.76,28,0,28,1.86,17,15,2,11.76,28,0,28,1.86,17,15,2,11.76,29,0,29,1.81,17,16,1,5.88,29,0,29,1.81,17,16,1,5.88,29,0,29,1.81,17,16,1,5.88
"035",1,"45955","Lone Tree",10218,0,10218,2.53,4226,4023,203,4.80,10417,0,10417,2.53,4291,4102,189,4.40,11265,0,11265,2.54,4599,4435,164,3.56,11631,0,11631,2.53,4694,4580,114,2.42,12229,0,12229,2.53,4898,4815,83,1.69,13345,0,13345,2.53,5288,5254,34,0.64
"035",1,"99990","Unincorp. Area",171031,163,170868,2.76,64682,61760,2922,4.51,171821,211,171610,2.76,64747,62028,2719,4.19,174274,203,174071,2.76,65087,62918,2169,3.33,177576,206,177370,2.76,65565,64110,1455,2.21,181485,286,181199,2.76,66473,65494,979,1.47,185715,286,185429,2.76,67305,67023,282,0.41
"037",1,"63265","Red Cliff",267,0,267,2.28,141,117,24,17.02,266,0,266,2.27,141,117,24,17.02,263,0,263,2.28,141,115,26,18.43,264,0,264,2.27,141,116,25,17.73,265,0,265,2.28,141,116,25,17.73,264,0,264,2.27,140,116,24,17.14
"037",1,"80040","Vail",5305,1,5304,2.03,7230,2604,4626,63.98,5288,1,5287,2.03,7231,2596,4635,64.09,5238,1,5237,2.03,7238,2571,4667,64.47,5246,1,5245,2.03,7242,2575,4667,64.44,5291,1,5290,2.03,7259,2597,4662,64.22,5320,1,5319,2.03,7270,2611,4659,64.08
"037",1,"22200","Eagle",6508,54,6454,2.95,2416,2183,233,9.64,6489,54,6435,2.95,2417,2177,240,9.92,6447,69,6378,2.95,2421,2157,264,10.90,6464,69,6395,2.95,2425,2163,262,10.80,6507,69,6438,2.95,2426,2178,248,10.22,6570,69,6501,2.95,2440,2199,241,9.87
"037",1,"04110","Avon",6447,0,6447,2.77,3615,2321,1294,35.79,6425,0,6425,2.77,3615,2313,1302,36.01,6370,0,6370,2.77,3622,2293,1329,36.69,6389,0,6389,2.77,3629,2300,1329,36.62,6434,0,6434,2.77,3632,2316,1316,36.23,6478,0,6478,2.77,3642,2332,1310,35.96
"037",1,"33695","Gypsum",6477,0,6477,3.22,2205,2009,196,8.88,6475,0,6475,3.22,2212,2008,204,9.22,6443,0,6443,3.22,2224,1998,226,10.16,6512,0,6512,3.22,2246,2020,226,10.06,6677,0,6677,3.22,2288,2071,217,9.48,6797,0,6797,3.22,2320,2108,212,9.13
"037",,"04935","Basalt (Part)",2926,0,2926,2.42,1398,1208,190,13.59,2918,0,2918,2.42,1399,1205,194,13.86,2889,0,2889,2.42,1400,1193,207,14.78,2894,0,2894,2.42,1401,1195,206,14.70,2920,0,2920,2.42,1404,1206,198,14.10,2964,0,2964,2.42,1420,1224,196,13.80
"037",1,"50920","Minturn",1027,0,1027,2.44,528,420,108,20.45,1027,0,1027,2.44,530,420,110,20.75,1025,0,1025,2.44,534,419,115,21.53,1030,0,1030,2.44,536,421,115,21.45,1038,0,1038,2.44,537,424,113,21.04,1043,0,1043,2.44,538,427,111,20.63
"037",1,"99990","Unincorp. Area",23240,0,23240,2.77,13779,8374,5405,39.22,23169,0,23169,2.77,13785,8348,5437,39.44,22968,0,22968,2.77,13809,8276,5533,40.06,23046,0,23046,2.77,13841,8304,5537,40.00,23228,0,23228,2.77,13864,8370,5494,39.62,23395,0,23395,2.77,13905,8430,5475,39.37
"039",1,"70635","Simla",618,30,588,2.66,266,221,45,16.91,618,30,588,2.66,266,221,45,16.91,619,30,589,2.66,266,221,45,16.91,621,30,591,2.66,266,222,44,16.54,625,30,595,2.65,266,224,42,15.78,632,30,602,2.66,266,226,40,15.03
"039",1,"23740","Elizabeth",1358,0,1358,2.77,531,489,42,7.90,1358,0,1358,2.77,531,489,42,7.90,1359,0,1359,2.77,531,489,42,7.90,1365,0,1365,2.77,531,492,39,7.34,1377,0,1377,2.77,532,496,36,6.76,1395,0,1395,2.77,533,502,31,5.81
"039",1,"40790","Kiowa",723,35,688,2.45,322,280,42,13.04,723,35,688,2.45,322,280,42,13.04,724,35,689,2.46,322,280,42,13.04,726,35,691,2.45,322,281,41,12.73,731,35,696,2.45,322,283,39,12.11,739,35,704,2.45,322,287,35,10.86
"039",1,"99990","Unincorp. Area",20387,8,20379,2.75,7820,7390,430,5.49,20408,8,20400,2.75,7830,7398,432,5.51,20513,8,20505,2.75,7862,7436,426,5.41,20674,8,20666,2.75,7891,7494,397,5.03,20926,8,20918,2.75,7934,7585,349,4.39,21378,8,21370,2.75,8011,7749,262,3.27
"041",1,"57025","Palmer Lake",2420,3,2417,2.53,1079,955,124,11.49,2423,3,2420,2.53,1080,956,124,11.48,2489,3,2486,2.53,1087,982,105,9.65,2522,3,2519,2.53,1096,995,101,9.21,2564,3,2561,2.53,1109,1012,97,8.74,2602,3,2599,2.53,1124,1027,97,8.62
"041",1,"62660","Ramah",123,0,123,2.19,68,56,12,17.64,123,0,123,2.19,68,56,12,17.64,126,0,126,2.21,68,57,11,16.17,126,0,126,2.21,68,57,11,16.17,127,0,127,2.18,68,58,10,14.70,127,0,127,2.18,68,58,10,14.70
"041",1,"11260","Calhan",780,0,780,2.51,348,310,38,10.91,780,0,780,2.51,348,310,38,10.91,798,0,798,2.51,349,317,32,9.16,804,0,804,2.51,350,320,30,8.57,808,0,808,2.51,350,321,29,8.28,809,0,809,2.51,350,322,28,8.00
"041",1,"16000","Colorado Springs",417335,8537,408798,2.43,179607,167788,11819,6.58,420716,8537,412179,2.43,179650,169176,10474,5.83,427582,9089,418493,2.43,180117,171767,8350,4.63,433245,9114,424131,2.43,181644,174081,7563,4.16,438948,9463,429485,2.43,182996,176279,6717,3.67,443965,9326,434639,2.43,185041,178394,6647,3.59
"041",1,"27865","Fountain",25846,0,25846,2.96,9371,8724,647,6.90,25888,0,25888,2.96,9382,8738,644,6.86,26578,0,26578,2.96,9440,8971,469,4.96,27210,0,27210,2.96,9617,9184,433,4.50,28065,0,28065,2.96,9868,9473,395,4.00,28489,0,28489,2.96,10009,9616,393,3.92
"041",,"32650","Green Mtn. Falls (Part)",612,24,588,1.99,557,295,262,47.03,780,24,756,1.99,557,379,178,31.95,799,24,775,1.99,559,389,170,30.41,804,24,780,1.99,560,391,169,30.17,814,24,790,1.99,564,396,168,29.78,816,24,792,1.99,565,397,168,29.73
"041",1,"48445","Manitou Springs",4992,33,4959,1.98,2796,2504,292,10.44,5001,33,4968,1.98,2800,2509,291,10.39,5135,33,5102,1.98,2818,2576,242,8.58,5205,33,5172,1.98,2843,2612,231,8.12,5293,33,5260,1.98,2876,2656,220,7.64,5357,33,5324,1.98,2909,2688,221,7.59
"041",1,"51800","Monument",5530,0,5530,3.06,1884,1802,82,4.35,5539,0,5539,3.06,1886,1805,81,4.29,5690,0,5690,3.06,1899,1854,45,2.36,5770,0,5770,3.06,1916,1880,36,1.87,5866,0,5866,3.06,1938,1911,27,1.39,5959,0,5959,3.06,1967,1942,25,1.27
"041",1,"99990","Unincorp. Area",164625,10544,154081,2.87,57142,53525,3617,6.32,165982,10544,155438,2.87,57186,53997,3189,5.57,168898,10544,158354,2.87,57530,55010,2520,4.38,171596,10544,161052,2.87,58221,55947,2274,3.90,174618,10544,164074,2.87,59010,56996,2014,3.41,176946,10544,166402,2.87,59799,57805,1994,3.33
"043",1,"64970","Rockvale",487,0,487,2.41,227,202,25,11.01,487,0,487,2.41,227,202,25,11.01,497,0,497,2.41,231,206,25,10.82,498,0,498,2.40,232,207,25,10.77,496,0,496,2.40,234,206,28,11.96,497,0,497,2.41,235,206,29,12.34
"043",1,"85155","Williamsburg",662,0,662,2.55,280,259,21,7.50,662,0,662,2.55,280,259,21,7.50,663,0,663,2.55,280,259,21,7.50,667,0,667,2.55,282,261,21,7.44,659,0,659,2.55,282,258,24,8.51,658,0,658,2.56,282,257,25,8.86
"043",1,"09115","Brookside",233,0,233,2.45,100,95,5,5.00,233,0,233,2.45,100,95,5,5.00,235,0,235,2.44,101,96,5,4.95,242,0,242,2.44,104,99,5,4.80,242,0,242,2.44,105,99,6,5.71,244,0,244,2.46,106,99,7,6.60
"043",1,"11810","Canon City",16400,1574,14826,2.23,7295,6640,655,8.97,16407,1574,14833,2.23,7298,6643,655,8.97,16468,1599,14869,2.23,7307,6659,648,8.86,16416,1546,14870,2.23,7315,6660,655,8.95,16295,1599,14696,2.23,7319,6582,737,10.06,16235,1546,14689,2.23,7326,6579,747,10.19
"043",1,"15330","Coal Creek",343,0,343,2.43,160,141,19,11.87,343,0,343,2.43,160,141,19,11.87,343,0,343,2.43,160,141,19,11.87,343,0,343,2.43,160,141,19,11.87,339,0,339,2.43,160,139,21,13.12,358,0,358,2.43,160,147,13,8.12
"043",1,"27040","Florence",3881,91,3790,2.39,1749,1580,169,9.66,3881,91,3790,2.39,1749,1580,169,9.66,3888,91,3797,2.39,1750,1583,167,9.54,3871,91,3780,2.39,1744,1576,168,9.63,3826,91,3735,2.39,1745,1557,188,10.77,3826,91,3735,2.39,1747,1557,190,10.87
"043",1,"99990","Unincorp. Area",24818,7039,17779,2.31,9431,7665,1766,18.72,24841,7039,17802,2.31,9442,7675,1767,18.71,25296,7363,17933,2.31,9500,7731,1769,18.62,25001,7029,17972,2.31,9532,7748,1784,18.71,24528,6694,17834,2.31,9576,7689,1887,19.70,24476,6589,17887,2.31,9617,7712,1905,19.80
"045",1,"57400","Parachute",1085,0,1085,2.92,539,371,168,31.16,1080,0,1080,2.92,539,369,170,31.53,1075,0,1075,2.92,538,368,170,31.59,1090,0,1090,2.92,539,373,166,30.79,1093,0,1093,2.92,539,374,165,30.61,1096,0,1096,2.92,539,375,164,30.42
"045",1,"64255","Rifle",9172,135,9037,2.80,3626,3221,405,11.16,9133,135,8998,2.80,3629,3207,422,11.62,9117,135,8982,2.80,3632,3201,431,11.86,9231,135,9096,2.80,3632,3242,390,10.73,9252,135,9117,2.80,3633,3250,383,10.54,9289,135,9154,2.80,3635,3263,372,10.23
"045",1,"70195","Silt",2930,0,2930,2.97,1077,986,91,8.44,2915,0,2915,2.97,1077,981,96,8.91,2912,0,2912,2.97,1079,980,99,9.17,2968,0,2968,2.97,1086,999,87,8.01,2980,0,2980,2.97,1088,1003,85,7.81,3013,0,3013,2.97,1096,1014,82,7.48
"045",1,"12045","Carbondale",6427,105,6322,2.80,2468,2251,217,8.79,6395,105,6290,2.80,2468,2240,228,9.23,6386,105,6281,2.80,2471,2236,235,9.51,6466,105,6361,2.80,2471,2265,206,8.33,6499,105,6394,2.80,2479,2277,202,8.14,6558,105,6453,2.80,2493,2298,195,7.82
"045",1,"30780","Glenwood Springs",9614,177,9437,2.49,4113,3778,335,8.14,9571,177,9394,2.49,4115,3761,354,8.60,9546,177,9369,2.49,4115,3751,364,8.84,9667,177,9490,2.49,4116,3799,317,7.70,9825,177,9648,2.49,4176,3862,314,7.51,9862,177,9685,2.49,4177,3877,300,7.18
"045",1,"53395","New Castle",4518,0,4518,2.87,1718,1571,147,8.55,4495,0,4495,2.87,1718,1563,155,9.02,4486,0,4486,2.87,1719,1560,159,9.24,4543,0,4543,2.87,1719,1580,139,8.08,4552,0,4552,2.87,1719,1583,136,7.91,4577,0,4577,2.87,1722,1592,130,7.54
"045",1,"99990","Unincorp. Area",22643,467,22176,2.71,9768,8181,1587,16.24,22561,467,22094,2.71,9781,8151,1630,16.66,22547,451,22096,2.71,9808,8151,1657,16.89,22897,467,22430,2.71,9831,8275,1556,15.82,22956,432,22524,2.71,9853,8309,1544,15.67,23153,466,22687,2.71,9889,8370,1519,15.36
"047",,"12910","Central City (Part)",663,0,663,1.93,487,342,145,29.77,668,0,668,1.93,489,345,144,29.44,665,0,665,1.93,489,343,146,29.85,668,0,668,1.93,493,345,148,30.02,681,0,681,1.94,493,351,142,28.80,722,0,722,1.94,501,372,129,25.74
"047",1,"07025","Black Hawk",118,0,118,2.31,69,51,18,26.08,118,0,118,2.31,69,51,18,26.08,118,0,118,2.31,69,51,18,26.08,118,0,118,2.31,69,51,18,26.08,120,0,120,2.30,69,52,17,24.63,125,0,125,2.31,69,54,15,21.73
"047",1,"99990","Unincorp. Area",4660,49,4611,2.23,3004,2067,937,31.19,4677,49,4628,2.23,3006,2075,931,30.97,4665,49,4616,2.23,3010,2069,941,31.26,4669,49,4620,2.23,3022,2071,951,31.46,4771,49,4722,2.23,3030,2117,913,30.13,4983,49,4934,2.23,3036,2212,824,27.14
"049",1,"85705","Winter Park",999,13,986,2.04,2572,481,2091,81.29,993,13,980,2.05,2573,478,2095,81.42,971,13,958,2.05,2581,467,2114,81.90,937,13,924,2.04,2593,451,2142,82.60,938,13,925,2.05,2604,451,2153,82.68,944,13,931,2.05,2620,454,2166,82.67
"049",1,"28305","Fraser",1224,5,1219,2.25,1096,540,556,50.72,1217,5,1212,2.25,1096,537,559,51.00,1189,5,1184,2.25,1099,524,575,52.32,1146,5,1141,2.25,1104,505,599,54.25,1147,5,1142,2.25,1109,506,603,54.37,1156,5,1151,2.25,1116,510,606,54.30
"049",1,"31605","Granby",1864,0,1864,2.39,1531,778,753,49.18,1858,0,1858,2.39,1535,775,760,49.51,1833,0,1833,2.39,1554,765,789,50.77,1864,0,1864,2.39,1648,778,870,52.79,1898,0,1898,2.39,1683,792,891,52.94,1900,0,1900,2.39,1683,793,890,52.88
"049",1,"31715","Grand Lake",471,3,468,1.95,918,239,679,73.96,469,3,466,1.95,920,238,682,74.13,462,3,459,1.96,930,234,696,74.83,449,3,446,1.95,941,228,713,75.77,454,3,451,1.96,955,230,725,75.91,463,3,460,1.95,973,235,738,75.84
"049",1,"37600","Hot Sulphur Springs",663,33,630,2.49,309,253,56,18.12,661,33,628,2.49,310,252,58,18.70,653,33,620,2.48,314,249,65,20.70,635,33,602,2.48,318,242,76,23.89,644,33,611,2.49,323,245,78,24.14,655,33,622,2.48,329,250,79,24.01
"049",1,"41560","Kremmling",1444,4,1440,2.34,694,614,80,11.52,1440,4,1436,2.34,696,612,84,12.06,1405,4,1401,2.34,697,597,100,14.34,1348,4,1344,2.34,697,573,124,17.79,1344,4,1340,2.34,697,571,126,18.07,1345,4,1341,2.34,697,572,125,17.93
"049",1,"99990","Unincorp. Area",8178,164,8014,2.24,8941,3564,5377,60.13,8152,164,7988,2.24,8964,3552,5412,60.37,8046,164,7882,2.24,9075,3505,5570,61.37,7809,164,7645,2.24,9180,3400,5780,62.96,7896,164,7732,2.24,9310,3439,5871,63.06,8042,164,7878,2.24,9478,3504,5974,63.03
"005",,"08070","Bow Mar (Part)",589,0,589,2.95,204,199,5,2.45,591,0,591,2.95,204,200,4,1.96,600,0,600,2.95,204,203,1,0.49,612,0,612,2.98,205,205,0,0.00,624,0,624,3.02,206,206,0,0.00,638,0,638,3.06,208,208,0,0.00
"005",1,"69645","Sheridan",5664,0,5664,2.54,2455,2229,226,9.20,5686,0,5686,2.54,2455,2238,217,8.83,6023,0,6023,2.54,2564,2370,194,7.56,6563,0,6563,2.54,2750,2583,167,6.07,7256,0,7256,2.54,3000,2856,144,4.80,7716,0,7716,2.54,3152,3037,115,3.64
"005",1,"12815","Centennial",100377,1701,98676,2.63,38779,37449,1330,3.42,100766,1701,99065,2.63,38782,37597,1185,3.05,102261,1701,100560,2.63,38812,38164,648,1.66,103899,1701,102198,2.63,38826,38786,40,0.10,106153,1701,104452,2.66,39154,39154,0,0.00,107501,1701,105800,2.69,39186,39186,0,0.00
"005",1,"13845","Cherry Hills Village",5987,0,5987,2.96,2151,2017,134,6.22,6013,0,6013,2.96,2152,2026,126,5.85,6102,0,6102,2.96,2153,2056,97,4.50,6185,0,6185,2.96,2148,2084,64,2.97,6285,0,6285,2.96,2154,2117,37,1.71,6388,0,6388,2.96,2163,2152,11,0.50
"005",1,"16385","Columbine Valley",1256,0,1256,2.55,530,491,39,7.35,1261,0,1261,2.55,530,493,37,6.98,1281,0,1281,2.55,531,501,30,5.64,1304,0,1304,2.55,532,510,22,4.13,1322,0,1322,2.55,532,517,15,2.81,1338,0,1338,2.55,532,523,9,1.69
"005",1,"19630","Deer Trail",546,0,546,2.37,274,230,44,16.05,548,0,548,2.37,274,231,43,15.69,556,0,556,2.37,274,234,40,14.59,565,0,565,2.37,274,238,36,13.13,572,0,572,2.37,274,241,33,12.04,586,0,586,2.37,277,247,30,10.83
"005",1,"24785","Englewood",30255,291,29964,2.08,15478,14375,1103,7.12,30375,291,30084,2.08,15480,14433,1047,6.76,30809,282,30527,2.08,15487,14645,842,5.43,31258,282,30976,2.08,15468,14860,608,3.93,31674,282,31392,2.08,15467,15060,407,2.63,32671,282,32389,2.08,15768,15538,230,1.45
"005",1,"28105","Foxfield",685,15,670,2.76,253,242,11,4.34,691,15,676,2.77,254,244,10,3.93,702,15,687,2.77,255,248,7,2.74,716,15,701,2.77,256,253,3,1.17,756,15,741,2.77,267,267,0,0.00,770,15,755,2.80,269,269,0,0.00
"005",1,"30340","Glendale",4184,0,4184,1.76,2649,2370,279,10.53,4200,0,4200,1.76,2649,2379,270,10.19,4260,0,4260,1.76,2649,2413,236,8.90,4328,0,4328,1.76,2649,2452,197,7.43,4387,0,4387,1.76,2649,2485,164,6.19,5003,0,5003,1.76,2985,2834,151,5.05
"005",,"04000","Aurora (Part)",285090,1652,283438,2.59,116857,109188,7669,6.56,286403,1652,284751,2.59,116947,109694,7253,6.20,292184,1559,290625,2.59,117676,111957,5719,4.85,297327,1528,295799,2.59,117894,113950,3944,3.34,302397,1298,301099,2.59,118407,115991,2416,2.04,307011,1252,305759,2.59,118806,117787,1019,0.85
"005",1,"33035","Greenwood Village",13925,53,13872,2.40,6301,5769,532,8.44,13988,53,13935,2.40,6305,5795,510,8.08,14227,53,14174,2.40,6323,5895,428,6.76,14469,53,14416,2.40,6330,5995,335,5.29,14670,53,14617,2.40,6333,6079,254,4.01,15452,53,15399,2.40,6592,6404,188,2.85
"005",,"06090","Bennett (Part)",353,0,353,2.94,126,120,6,4.76,354,0,354,2.95,126,120,6,4.76,359,0,359,2.94,126,122,4,3.17,365,0,365,2.94,126,124,2,1.58,370,0,370,2.93,126,126,0,0.00,375,0,375,2.97,126,126,0,0.00
"005",,"45255","Littleton (Part)",39328,491,38837,2.21,18615,17515,1100,5.90,39614,491,39123,2.21,18680,17644,1036,5.54,40182,491,39691,2.21,18684,17900,784,4.19,40825,491,40334,2.21,18689,18190,499,2.67,41377,491,40886,2.21,18692,18439,253,1.35,41879,491,41388,2.21,18696,18665,31,0.16
"005",1,"99990","Unincorp. Area",83764,717,83047,2.61,33629,31817,1812,5.38,84329,717,83612,2.61,33728,32033,1695,5.02,86006,698,85308,2.61,33926,32683,1243,3.66,87363,698,86665,2.61,33926,33203,723,2.13,89595,698,88897,2.61,34336,34058,278,0.80,91013,698,90315,2.62,34468,34468,0,0.00
"051",1,"59830","Pitkin",66,0,66,1.94,214,34,180,84.11,66,0,66,1.94,214,34,180,84.11,67,0,67,1.91,216,35,181,83.79,67,0,67,1.91,217,35,182,83.87,67,0,67,1.91,219,35,184,84.01,68,0,68,1.94,219,35,184,84.01
"051",1,"18310","Crested Butte",1487,0,1487,2.05,1069,725,344,32.17,1482,0,1482,2.04,1069,723,346,32.36,1491,0,1491,2.05,1076,727,349,32.43,1501,0,1501,2.05,1086,732,354,32.59,1515,0,1515,2.05,1098,739,359,32.69,1541,0,1541,2.05,1107,751,356,32.15
"051",1,"33640","Gunnison",5854,760,5094,2.19,2645,2318,327,12.36,5856,760,5096,2.19,2655,2319,336,12.65,5878,760,5118,2.19,2668,2329,339,12.70,5868,760,5108,2.19,2670,2324,346,12.95,5868,760,5108,2.19,2673,2324,349,13.05,5935,760,5175,2.19,2685,2355,330,12.29
"051",1,"48555","Marble",131,0,131,2.42,105,54,51,48.57,131,0,131,2.42,105,54,51,48.57,130,0,130,2.40,105,54,51,48.57,130,0,130,2.40,105,54,51,48.57,130,0,130,2.40,105,54,51,48.57,131,0,131,2.42,105,54,51,48.57
"051",1,"52570","Mount Crested Butte/G",801,0,801,2.00,1510,400,1110,73.50,798,0,798,2.00,1510,399,1111,73.57,798,0,798,2.00,1510,399,1111,73.57,797,0,797,2.00,1512,398,1114,73.67,798,0,798,2.00,1515,399,1116,73.66,806,0,806,2.00,1518,402,1116,73.51
"051",1,"99990","Unincorp. Area",6985,90,6895,2.30,5869,2985,2884,49.13,6976,90,6886,2.30,5881,2981,2900,49.31,7031,90,6941,2.30,5931,3005,2926,49.33,7050,90,6960,2.30,5965,3013,2952,49.48,7077,90,6987,2.30,5992,3025,2967,49.51,7179,90,7089,2.30,6030,3069,2961,49.10
"053",1,"42330","Lake City",408,0,408,2.12,447,192,255,57.04,408,0,408,2.12,448,192,256,57.14,398,0,398,2.12,452,187,265,58.62,383,0,383,2.12,455,180,275,60.43,387,0,387,2.12,456,182,274,60.08,370,0,370,2.12,458,174,284,62.00
"053",1,"99990","Unincorp. Area",435,56,379,2.22,941,170,771,81.93,435,56,379,2.22,943,170,773,81.97,426,56,370,2.22,950,166,784,82.52,412,56,356,2.22,956,160,796,83.26,416,56,360,2.23,959,161,798,83.21,399,56,343,2.22,963,154,809,84.00
"055",1,"82350","Walsenburg",3068,56,3012,2.11,1757,1421,336,19.12,3038,56,2982,2.11,1757,1407,350,19.92,2951,56,2895,2.11,1757,1366,391,22.25,2982,56,2926,2.12,1757,1380,377,21.45,2935,56,2879,2.12,1757,1358,399,22.70,2900,56,2844,2.11,1757,1342,415,23.61
"055",1,"44100","La Veta",800,0,800,1.92,566,415,151,26.67,793,0,793,1.92,567,411,156,27.51,770,0,770,1.92,567,399,168,29.62,778,0,778,1.92,567,404,163,28.74,765,0,765,1.92,567,397,170,29.98,759,0,759,1.92,569,394,175,30.75
"055",1,"99990","Unincorp. Area",2843,109,2734,2.10,2752,1301,1451,52.72,2824,109,2715,2.10,2760,1292,1468,53.18,2778,109,2669,2.10,2794,1270,1524,54.54,2805,109,2696,2.10,2793,1283,1510,54.06,2783,109,2674,2.10,2816,1272,1544,54.82,2769,109,2660,2.10,2835,1266,1569,55.34
"057",1,"82130","Walden",608,2,606,2.08,377,291,86,22.81,604,2,602,2.08,377,289,88,23.34,597,2,595,2.08,378,286,92,24.33,582,2,580,2.07,378,279,99,26.19,588,2,586,2.08,378,281,97,25.66,603,2,601,2.07,378,289,89,23.54
"057",1,"99990","Unincorp. Area",786,0,786,2.19,909,358,551,60.61,783,0,783,2.19,911,357,554,60.81,777,0,777,2.19,917,354,563,61.39,758,0,758,2.19,919,345,574,62.45,767,0,767,2.19,919,349,570,62.02,785,0,785,2.19,919,358,561,61.04
"059",,"08070","Bow Mar (Part)",277,0,277,3.04,98,91,7,7.14,277,0,277,3.04,98,91,7,7.14,279,0,279,3.03,98,92,6,6.12,281,0,281,3.05,98,92,6,6.12,285,0,285,3.03,99,94,5,5.05,290,0,290,3.05,100,95,5,5.00
"059",,"75640","Superior (Part)",0,0,0,0.00,0,0,0,0.00,,0,,,0,,,,,0,,,0,,,,,0,,,0,,,,,0,,,0,,,,,0,,,0,,,
"059",,"83835","Westminster (Part)",42418,146,42272,2.54,17241,16637,604,3.50,42483,146,42337,2.54,17245,16663,582,3.37,42725,146,42579,2.54,17263,16758,505,2.92,43112,146,42966,2.54,17294,16910,384,2.22,43548,146,43402,2.54,17375,17082,293,1.68,43842,146,43696,2.54,17380,17197,183,1.05
"059",1,"84440","Wheat Ridge ",30166,554,29612,2.11,14868,13976,892,5.99,30207,554,29653,2.11,14869,13995,874,5.87,30349,554,29795,2.11,14871,14062,809,5.44,30739,554,30185,2.11,14957,14246,711,4.75,30905,554,30351,2.11,14958,14325,633,4.23,31108,554,30554,2.11,14961,14421,540,3.60
"059",1,"23135","Edgewater",5170,0,5170,2.30,2436,2246,190,7.79,5177,0,5177,2.30,2436,2249,187,7.67,5203,0,5203,2.30,2437,2260,177,7.26,5243,0,5243,2.30,2438,2278,160,6.56,5273,0,5273,2.30,2439,2291,148,6.06,5315,0,5315,2.30,2442,2309,133,5.44
"059",,"03455","Arvada (Part)",103584,500,103084,2.47,43276,41593,1683,3.88,103770,500,103270,2.47,43298,41668,1630,3.76,104691,500,104191,2.47,43481,42040,1441,3.31,106750,500,106250,2.47,44020,42870,1150,2.61,108424,609,107815,2.47,44427,43502,925,2.08,110295,609,109686,2.47,44906,44257,649,1.44
"059",1,"30835","Golden",18867,2333,16534,2.23,7748,7394,354,4.56,18930,2333,16597,2.23,7767,7422,345,4.44,19339,2597,16742,2.23,7799,7487,312,4.00,19545,2547,16998,2.23,7861,7602,259,3.29,19641,2547,17094,2.23,7863,7644,219,2.78,20096,2656,17440,2.23,7970,7799,171,2.14
"059",1,"42495","Lakeside",8,0,8,1.00,10,8,2,20.00,8,0,8,1.00,10,8,2,20.00,8,0,8,1.00,10,8,2,20.00,8,0,8,1.00,10,8,2,20.00,8,0,8,1.00,10,8,2,20.00,8,0,8,1.00,10,8,2,20.00
"059",1,"43000","Lakewood",142980,2171,140809,2.27,65758,61986,3772,5.73,143193,2171,141022,2.27,65772,62080,3692,5.61,144269,2171,142098,2.27,65966,62553,3413,5.17,145551,2171,143380,2.27,66080,63118,2962,4.48,147029,2171,144858,2.27,66401,63768,2633,3.96,149666,2171,147495,2.27,67173,64929,2244,3.34
"059",,"45255","Littleton (Part)",2381,0,2381,3.04,802,782,20,2.49,2393,0,2393,3.04,805,786,19,2.36,2441,0,2441,3.04,817,802,15,1.83,2458,0,2458,3.04,817,807,10,1.22,2472,0,2472,3.04,817,812,5,0.61,2488,0,2488,3.04,817,817,0,0.00
"059",1,"52075","Morrison",428,146,282,2.07,141,136,5,3.54,428,146,282,2.07,141,136,5,3.54,430,146,284,2.07,141,137,4,2.83,432,146,286,2.07,141,138,3,2.12,433,146,287,2.07,141,138,3,2.12,435,146,289,2.07,141,139,2,1.41
"059",1,"52350","Mountain View",507,0,507,1.96,278,258,20,7.19,508,0,508,1.96,278,259,19,6.83,510,0,510,1.96,278,260,18,6.47,514,0,514,1.96,278,262,16,5.75,521,0,521,1.96,280,265,15,5.35,527,0,527,1.96,282,268,14,4.96
"059",1,"99990","Unincorp. Area",187757,1577,186180,2.54,77311,73053,4258,5.50,188277,1577,186700,2.54,77447,73267,4180,5.39,189436,1568,187868,2.54,77569,73726,3843,4.95,191106,1591,189515,2.54,77684,74372,3312,4.26,192742,1584,191158,2.54,77934,75017,2917,3.74,194462,1493,192969,2.54,78164,75727,2437,3.11
"061",1,"69700","Sheridan Lake",88,0,88,3.03,43,29,14,32.55,88,0,88,3.03,43,29,14,32.55,90,0,90,3.00,43,30,13,30.23,89,0,89,3.06,43,29,14,32.55,87,0,87,3.00,43,29,14,32.55,86,0,86,3.07,43,28,15,34.88
"061",1,"22145","Eads",609,14,595,2.08,352,286,66,18.75,609,14,595,2.08,352,286,66,18.75,623,14,609,2.07,352,293,59,16.76,614,14,600,2.08,352,288,64,18.18,603,14,589,2.08,352,283,69,19.60,596,14,582,2.07,352,280,72,20.45
"061",1,"34740","Haswell",68,0,68,2.06,41,33,8,19.51,68,0,68,2.06,41,33,8,19.51,70,0,70,2.05,41,34,7,17.07,69,0,69,2.09,41,33,8,19.51,67,0,67,2.03,41,33,8,19.51,67,0,67,2.03,41,33,8,19.51
"061",1,"99990","Unincorp. Area",633,0,633,2.33,369,271,98,26.55,634,0,634,2.33,370,271,99,26.75,659,0,659,2.33,376,282,94,25.00,651,0,651,2.33,377,279,98,25.99,645,0,645,2.33,379,276,103,27.17,636,0,636,2.33,379,272,107,28.23
"063",1,"69040","Seibert",181,0,181,2.12,118,85,33,27.96,181,0,181,2.12,118,85,33,27.96,184,0,184,2.13,118,86,32,27.11,183,0,183,2.12,118,86,32,27.11,181,0,181,2.12,118,85,33,27.96,219,0,219,2.12,142,103,39,27.46
"063",1,"74485","Stratton",658,6,652,2.27,346,287,59,17.05,658,6,652,2.27,346,287,59,17.05,668,6,662,2.27,346,291,55,15.89,665,6,659,2.27,346,290,56,16.18,659,6,653,2.27,346,287,59,17.05,661,6,655,2.27,346,288,58,16.76
"063",1,"81690","Vona",106,0,106,2.16,61,49,12,19.67,106,0,106,2.16,61,49,12,19.67,108,0,108,2.16,61,50,11,18.03,107,0,107,2.18,61,49,12,19.67,106,0,106,2.16,61,49,12,19.67,106,0,106,2.16,61,49,12,19.67
"063",1,"10600","Burlington",4254,1069,3185,2.35,1478,1351,127,8.59,4253,1069,3184,2.35,1478,1351,127,8.59,4105,868,3237,2.35,1480,1373,107,7.22,4025,802,3223,2.35,1480,1367,113,7.63,3998,803,3195,2.35,1480,1355,125,8.44,3747,543,3204,2.35,1480,1359,121,8.17
"063",1,"26765","Flager",561,0,561,2.08,328,269,59,17.98,561,0,561,2.08,328,269,59,17.98,569,0,569,2.08,328,273,55,16.76,567,0,567,2.08,328,272,56,17.07,562,0,562,2.08,328,269,59,17.98,564,0,564,2.08,328,270,58,17.68
"063",1,"06530","Bethune",237,0,237,3.03,84,78,6,7.14,237,0,237,3.03,84,78,6,7.14,241,0,241,3.05,84,79,5,5.95,240,0,240,3.03,84,79,5,5.95,237,0,237,3.03,84,78,6,7.14,238,0,238,3.05,84,78,6,7.14
"063",1,"99990","Unincorp. Area",2273,0,2273,2.47,1112,919,193,17.35,2271,0,2271,2.47,1112,918,194,17.44,2306,0,2306,2.47,1112,932,180,16.18,2296,0,2296,2.47,1112,928,184,16.54,2279,0,2279,2.47,1112,921,191,17.17,2283,0,2283,2.47,1112,923,189,16.99
"065",1,"44320","Leadville",2602,55,2547,2.11,1674,1202,472,28.19,2592,55,2537,2.11,1674,1197,477,28.49,2623,63,2560,2.11,1675,1208,467,27.88,2586,63,2523,2.11,1680,1191,489,29.10,2580,63,2517,2.11,1680,1188,492,29.28,2600,71,2529,2.11,1680,1194,486,28.92
"065",1,"99990","Unincorp. Area",4708,78,4630,2.64,2597,1751,846,32.57,4690,78,4612,2.64,2597,1744,853,32.84,4761,78,4683,2.64,2615,1771,844,32.27,4703,78,4625,2.64,2628,1749,879,33.44,4726,78,4648,2.64,2648,1758,890,33.61,4749,78,4671,2.64,2648,1767,881,33.27
"067",1,"22035","Durango",16887,1622,15265,2.17,7851,7017,834,10.62,16901,1622,15279,2.17,7859,7023,836,10.63,17011,1622,15389,2.17,7911,7074,837,10.58,17246,1738,15508,2.17,7949,7129,820,10.31,17676,1952,15724,2.17,7994,7228,766,9.58,17818,1840,15978,2.17,8093,7345,748,9.24
"067",1,"05265","Bayfield",2333,0,2333,2.58,966,903,63,6.52,2357,0,2357,2.58,976,912,64,6.55,2390,0,2390,2.58,989,925,64,6.47,2438,0,2438,2.58,1006,944,62,6.16,2492,0,2492,2.58,1020,965,55,5.39,2530,0,2530,2.58,1032,979,53,5.13
"067",1,"38535","Ignacio",697,0,697,2.48,307,280,27,8.79,699,0,699,2.48,308,281,27,8.76,702,0,702,2.48,309,282,27,8.73,704,0,704,2.48,309,283,26,8.41,710,0,710,2.49,309,285,24,7.76,719,0,719,2.48,312,289,23,7.37
"067",1,"99990","Unincorp. Area",31417,93,31324,2.42,16736,12900,3836,22.92,31484,93,31391,2.42,16774,12928,3846,22.92,31783,93,31690,2.42,16924,13051,3873,22.88,32056,93,31963,2.42,17020,13163,3857,22.66,32529,93,32436,2.42,17131,13358,3773,22.02,32947,93,32854,2.42,17287,13530,3757,21.73
"069",1,"77510","Timnath",625,0,625,2.92,243,214,29,11.93,626,0,626,2.92,243,214,29,11.93,791,0,791,2.91,305,271,34,11.14,1153,0,1153,2.91,441,395,46,10.43,1519,0,1519,2.92,580,520,60,10.34,1977,0,1977,2.92,743,677,66,8.88
"069",1,"83230","Wellington",6289,0,6289,2.87,2278,2186,92,4.03,6311,0,6311,2.87,2281,2194,87,3.81,6377,0,6377,2.87,2290,2217,73,3.18,6479,0,6479,2.87,2309,2252,57,2.46,6687,0,6687,2.87,2379,2324,55,2.31,7189,0,7189,2.87,2517,2499,18,0.71
"069",,"85485","Windsor (Part)",4574,0,4574,2.92,1661,1566,95,5.71,4601,0,4601,2.92,1667,1575,92,5.51,4753,0,4753,2.92,1711,1627,84,4.90,5007,0,5007,2.92,1789,1714,75,4.19,5515,0,5515,2.92,1967,1888,79,4.01,5604,0,5604,2.92,1967,1919,48,2.44
"069",1,"25115","Estes Park",5858,37,5821,2.08,4107,2796,1311,31.92,5880,37,5843,2.08,4113,2807,1306,31.75,5933,37,5896,2.08,4124,2832,1292,31.32,6008,37,5971,2.08,4145,2868,1277,30.80,6063,37,6026,2.08,4176,2894,1282,30.69,6197,37,6160,2.08,4201,2959,1242,29.56
"069",1,"27425","Fort Collins",143986,7085,136901,2.36,60503,57829,2674,4.41,144416,7085,137331,2.36,60558,58011,2547,4.20,145832,6920,138912,2.36,60858,58678,2180,3.58,148885,6991,141894,2.36,61700,59938,1762,2.85,151917,7167,144750,2.36,62832,61145,1687,2.68,154570,7482,147088,2.36,62832,62132,700,1.11
"069",,"39855","Johnstown (Part)",537,0,537,2.38,272,225,47,17.27,542,0,542,2.38,274,227,47,17.15,564,0,564,2.38,283,236,47,16.60,596,0,596,2.38,297,250,47,15.82,646,0,646,2.38,321,271,50,15.57,715,0,715,2.38,350,300,50,14.28
"069",,"06255","Berthoud (Part)",5042,69,4973,2.51,2064,1980,84,4.06,5060,69,4991,2.51,2067,1987,80,3.87,5093,69,5024,2.51,2067,2000,67,3.24,5131,69,5062,2.51,2067,2015,52,2.51,5238,69,5169,2.51,2107,2058,49,2.32,5647,69,5578,2.51,2238,2221,17,0.75
"069",1,"46465","Loveland",66859,510,66349,2.44,28557,27153,1404,4.91,67046,510,66536,2.44,28574,27230,1344,4.70,69145,510,68635,2.44,29284,28089,1195,4.08,70124,510,69614,2.44,29480,28489,991,3.36,70989,510,70479,2.44,29794,28843,951,3.19,72983,510,72473,2.44,30150,29659,491,1.62
"069",1,"99990","Unincorp. Area",65860,829,65031,2.46,33037,26346,6691,20.25,66050,829,65221,2.46,33059,26423,6636,20.07,66578,829,65749,2.46,33111,26637,6474,19.55,67228,829,66399,2.46,33189,26900,6289,18.94,67580,829,66751,2.46,33306,27043,6263,18.80,68981,829,68152,2.46,33465,27610,5855,17.49
"007",1,"56860","Pagosa Springs",1727,66,1661,2.31,945,716,229,24.23,1722,66,1656,2.31,945,714,231,24.44,1711,66,1645,2.32,948,709,239,25.21,1732,66,1666,2.32,957,718,239,24.97,1760,66,1694,2.32,967,730,237,24.50,1766,66,1700,2.31,975,733,242,24.82
"007",1,"99990","Unincorp. Area",10357,63,10294,2.26,7817,4551,3266,41.78,10338,63,10275,2.26,7827,4543,3284,41.95,10296,63,10233,2.26,7870,4524,3346,42.51,10385,63,10322,2.26,7913,4563,3350,42.33,10448,63,10385,2.26,7912,4591,3321,41.97,10483,63,10420,2.26,7976,4607,3369,42.23
"071",1,"08345","Branson",74,0,74,2.24,45,33,12,26.66,73,0,73,2.21,45,33,12,26.66,72,0,72,2.25,45,32,13,28.88,71,0,71,2.21,45,32,13,28.88,68,0,68,2.26,45,30,15,33.33,66,0,66,2.27,45,29,16,35.55
"071",1,"73715","Starkville",59,0,59,2.26,35,26,9,25.71,59,0,59,2.26,35,26,9,25.71,57,0,57,2.28,35,25,10,28.57,57,0,57,2.28,35,25,10,28.57,54,0,54,2.25,35,24,11,31.42,52,0,52,2.26,35,23,12,34.28
"071",1,"78610","Trinidad",9096,379,8717,2.30,4375,3774,601,13.73,9033,379,8654,2.30,4375,3747,628,14.35,8792,379,8413,2.30,4368,3642,726,16.62,8780,379,8401,2.30,4372,3637,735,16.81,8399,379,8020,2.30,4372,3472,900,20.58,8131,379,7752,2.30,4373,3356,1017,23.25
"071",1,"15550","Cokedale",129,0,129,2.43,94,53,41,43.61,128,0,128,2.41,94,53,41,43.61,125,0,125,2.45,94,51,43,45.74,124,0,124,2.43,94,51,43,45.74,120,0,120,2.44,95,49,46,48.42,117,0,117,2.43,96,48,48,50.00
"071",1,"00760","Aguilar",538,0,538,2.30,290,233,57,19.65,534,0,534,2.31,290,231,59,20.34,520,0,520,2.31,290,225,65,22.41,519,0,519,2.30,290,225,65,22.41,495,0,495,2.31,290,214,76,26.20,479,0,479,2.31,290,207,83,28.62
"071",1,"40570","Kim",74,0,74,1.89,47,39,8,17.02,73,0,73,1.92,47,38,9,19.14,72,0,72,1.89,47,38,9,19.14,71,0,71,1.91,47,37,10,21.27,68,0,68,1.88,47,36,11,23.40,66,0,66,1.88,47,35,12,25.53
"071",1,"99990","Unincorp. Area",5537,479,5058,2.27,3331,2226,1105,33.17,5507,479,5028,2.27,3335,2213,1122,33.64,5404,482,4922,2.27,3354,2166,1188,35.42,5343,404,4939,2.27,3372,2174,1198,35.52,5170,407,4763,2.27,3406,2096,1310,38.46,5149,500,4649,2.27,3441,2046,1395,40.54
"073",1,"03235","Arriba",193,0,193,2.03,129,95,34,26.35,193,0,193,2.03,129,95,34,26.35,193,0,193,2.03,129,95,34,26.35,192,0,192,2.02,129,95,34,26.35,190,0,190,2.02,129,94,35,27.13,193,0,193,2.03,129,95,34,26.35
"073",1,"29680","Genoa",139,0,139,2.27,84,61,23,27.38,139,0,139,2.27,84,61,23,27.38,139,0,139,2.27,84,61,23,27.38,138,0,138,2.26,84,61,23,27.38,137,0,137,2.28,84,60,24,28.57,139,0,139,2.27,84,61,23,27.38
"073",1,"37875","Hugo",730,91,639,2.07,410,308,102,24.87,730,91,639,2.07,410,308,102,24.87,723,86,637,2.07,410,307,103,25.12,718,86,632,2.07,409,305,104,25.42,716,86,630,2.07,410,304,106,25.85,725,86,639,2.07,410,308,102,24.87
"073",1,"44980","Limon",1880,0,1880,2.27,963,828,135,14.01,1883,0,1883,2.27,964,829,135,14.00,1879,0,1879,2.26,965,828,137,14.19,1870,0,1870,2.26,965,824,141,14.61,1862,0,1862,2.27,967,820,147,15.20,1909,20,1889,2.27,968,832,136,14.04
"073",1,"99990","Unincorp. Area",2525,939,1586,2.41,834,656,178,21.34,2529,939,1590,2.41,835,658,177,21.19,2472,888,1584,2.41,835,655,180,21.55,2529,945,1584,2.41,839,655,184,21.93,2519,932,1587,2.41,846,656,190,22.45,2542,928,1614,2.41,850,668,182,21.41
"075",1,"58235","Peetz",238,0,238,2.45,106,97,9,8.49,238,0,238,2.45,106,97,9,8.49,236,0,236,2.45,106,96,10,9.43,235,0,235,2.44,106,96,10,9.43,233,0,233,2.45,106,95,11,10.37,234,0,234,2.46,106,95,11,10.37
"075",1,"73935","Sterling",14777,3808,10969,2.25,5404,4873,531,9.82,14350,3378,10972,2.25,5404,4874,530,9.80,14343,3439,10904,2.25,5406,4844,562,10.39,14125,3275,10850,2.25,5408,4820,588,10.87,13983,3222,10761,2.25,5408,4781,627,11.59,14182,3394,10788,2.25,5408,4793,615,11.37
"075",1,"18640","Crook",110,0,110,1.92,76,57,19,25.00,110,0,110,1.92,76,57,19,25.00,109,0,109,1.94,76,56,20,26.31,109,0,109,1.94,76,56,20,26.31,108,0,108,1.92,76,56,20,26.31,108,0,108,1.92,76,56,20,26.31
"075",1,"26875","Fleming",408,0,408,2.47,204,165,39,19.11,408,0,408,2.47,204,165,39,19.11,405,0,405,2.46,204,164,40,19.60,403,0,403,2.47,204,163,41,20.09,402,0,402,2.46,205,163,42,20.48,403,0,403,2.47,205,163,42,20.48
"075",1,"38590","Iliff",266,0,266,2.50,128,106,22,17.18,266,0,266,2.50,128,106,22,17.18,264,0,264,2.51,128,105,23,17.96,263,0,263,2.50,128,105,23,17.96,261,0,261,2.50,128,104,24,18.75,263,0,263,2.50,129,105,24,18.60
"075",1,"50040","Merino",284,0,284,2.62,120,108,12,10.00,284,0,284,2.62,120,108,12,10.00,284,0,284,2.62,121,108,13,10.74,283,0,283,2.62,121,108,13,10.74,280,0,280,2.64,121,106,15,12.39,281,0,281,2.62,121,107,14,11.57
"075",1,"99990","Unincorp. Area",6626,96,6530,2.47,2943,2641,302,10.26,6637,96,6541,2.47,2947,2645,302,10.24,6622,96,6526,2.47,2959,2639,320,10.81,6610,96,6514,2.47,2970,2635,335,11.27,6569,96,6473,2.47,2976,2618,358,12.02,6617,96,6521,2.47,2990,2637,353,11.80
"077",1,"56970","Palisade",2692,72,2620,2.21,1274,1184,90,7.06,2677,72,2605,2.21,1276,1177,99,7.75,2674,65,2609,2.21,1284,1179,105,8.17,2669,65,2604,2.21,1291,1177,114,8.83,2635,65,2570,2.21,1298,1161,137,10.55,2600,34,2566,2.21,1307,1160,147,11.24
"077",1,"15605","Collbran",708,235,473,2.50,221,189,32,14.47,705,235,470,2.50,221,188,33,14.93,704,235,469,2.50,222,187,35,15.76,703,235,468,2.50,223,187,36,16.14,696,235,461,2.50,224,184,40,17.85,697,235,462,2.49,226,185,41,18.14
"077",1,"19355","De Beque",504,2,502,2.64,222,190,32,14.41,500,2,498,2.64,222,188,34,15.31,500,2,498,2.64,223,188,35,15.69,499,2,497,2.64,224,188,36,16.07,492,2,490,2.64,225,185,40,17.77,492,2,490,2.64,227,185,42,18.50
"077",1,"28745","Fruita",12646,208,12438,2.63,5069,4719,350,6.90,12572,208,12364,2.63,5076,4691,385,7.58,12690,208,12482,2.63,5149,4736,413,8.02,12717,208,12509,2.63,5198,4746,452,8.69,12631,208,12423,2.63,5259,4713,546,10.38,12691,208,12483,2.63,5328,4736,592,11.11
"077",1,"31660","Grand Junction",58566,2884,55682,2.29,26170,24311,1859,7.10,59468,3677,55791,2.29,26207,24359,1848,7.05,60296,3978,56318,2.29,26438,24589,1849,6.99,60668,3981,56687,2.29,26613,24750,1863,7.00,61671,4300,57371,2.29,26867,25048,1819,6.77,61847,3971,57876,2.29,27086,25269,1817,6.70
"077",1,"99990","Unincorp. Area",71607,230,71377,2.59,29688,27502,2186,7.36,71190,230,70960,2.59,29729,27341,2388,8.03,71197,237,70960,2.59,29873,27341,2532,8.47,71030,249,70781,2.59,30018,27272,2746,9.14,70168,222,69946,2.59,30218,26950,3268,10.81,70021,213,69808,2.59,30409,26897,3512,11.54
"079",1,"14765","City of Creede",290,0,290,1.82,270,159,111,41.11,287,0,287,1.82,270,157,113,41.85,287,0,287,1.82,270,157,113,41.85,285,0,285,1.82,270,156,114,42.22,295,0,295,1.82,274,162,112,40.87,284,0,284,1.82,279,156,123,44.08
"079",1,"99990","Unincorp. Area",422,0,422,2.15,931,196,735,78.94,418,0,418,2.15,933,194,739,79.20,421,0,421,2.14,938,196,742,79.10,421,0,421,2.14,947,196,751,79.30,432,0,432,2.14,951,201,750,78.86,413,0,413,2.15,960,192,768,80.00
"081",1,"17760","Craig",9464,99,9365,2.47,4082,3787,295,7.22,9468,99,9369,2.47,4084,3789,295,7.22,9189,99,9090,2.47,4086,3676,410,10.03,9004,99,8905,2.47,4089,3601,488,11.93,8961,99,8862,2.47,4091,3584,507,12.39,8793,99,8694,2.47,4091,3516,575,14.05
"081",1,"20495","Dinosaur",339,0,339,2.58,175,131,44,25.14,339,0,339,2.58,175,131,44,25.14,329,0,329,2.59,175,127,48,27.42,322,0,322,2.59,175,124,51,29.14,320,0,320,2.58,175,124,51,29.14,314,0,314,2.59,175,121,54,30.85
"081",1,"99990","Unincorp. Area",3992,3,3989,2.57,1939,1547,392,20.21,3999,3,3996,2.57,1943,1550,393,20.22,3889,3,3886,2.57,1948,1507,441,22.63,3821,3,3818,2.57,1955,1481,474,24.24,3817,3,3814,2.57,1964,1479,485,24.69,3763,3,3760,2.57,1973,1458,515,26.10
"083",1,"17375","Cortez",8482,126,8356,2.32,3885,3590,295,7.59,8484,126,8358,2.32,3888,3591,297,7.63,8472,126,8346,2.32,3899,3586,313,8.02,8475,126,8349,2.32,3905,3587,318,8.14,8557,126,8431,2.32,3912,3622,290,7.41,8606,126,8480,2.32,3916,3643,273,6.97
"083",1,"20770","Dolores",936,9,927,2.15,501,431,70,13.97,936,9,927,2.15,501,431,70,13.97,932,9,923,2.15,501,429,72,14.37,930,9,921,2.15,501,428,73,14.57,940,9,931,2.15,502,433,69,13.74,946,9,937,2.14,503,436,67,13.32
"083",1,"48115","Mancos",1336,73,1263,2.31,608,546,62,10.19,1337,73,1264,2.31,609,546,63,10.34,1338,73,1265,2.31,612,547,65,10.62,1343,73,1270,2.31,615,549,66,10.73,1362,73,1289,2.31,619,557,62,10.01,1378,73,1305,2.31,624,564,60,9.61
"083",1,"99990","Unincorp. Area",14781,29,14752,2.46,7100,5974,1126,15.85,14775,29,14746,2.46,7100,5972,1128,15.88,14711,29,14682,2.46,7100,5946,1154,16.25,14693,29,14664,2.46,7100,5938,1162,16.36,14810,29,14781,2.46,7100,5986,1114,15.69,14882,29,14853,2.46,7100,6015,1085,15.28
"085",1,"51745","Montrose",19132,448,18684,2.37,8621,7871,750,8.69,19104,448,18656,2.37,8641,7859,782,9.04,19005,448,18557,2.37,8686,7817,869,10.00,18941,448,18493,2.37,8726,7791,935,10.71,18939,448,18491,2.37,8749,7790,959,10.96,18994,448,18546,2.37,8774,7813,961,10.95
"085",1,"53120","Naturita",546,0,546,2.15,316,253,63,19.93,544,0,544,2.15,316,252,64,20.25,538,0,538,2.16,316,249,67,21.20,534,0,534,2.16,316,247,69,21.83,532,0,532,2.15,316,247,69,21.83,533,0,533,2.15,316,247,69,21.83
"085",1,"54935","Nucla",711,0,711,2.31,367,307,60,16.34,708,0,708,2.31,367,306,61,16.62,701,0,701,2.31,367,303,64,17.43,703,0,703,2.31,371,304,67,18.05,701,0,701,2.31,371,303,68,18.32,701,0,701,2.31,371,303,68,18.32
"085",1,"55540","Olathe",1849,68,1781,3.02,634,589,45,7.09,1842,68,1774,3.02,634,587,47,7.41,1824,68,1756,3.02,634,581,53,8.35,1810,68,1742,3.02,634,576,58,9.14,1805,68,1737,3.02,634,574,60,9.46,1805,68,1737,3.02,634,574,60,9.46
"085",1,"99990","Unincorp. Area",19038,26,19012,2.54,8312,7464,848,10.20,18990,26,18964,2.54,8322,7445,877,10.53,18855,26,18829,2.54,8351,7392,959,11.48,18765,26,18739,2.54,8379,7357,1022,12.19,18788,26,18762,2.54,8411,7366,1045,12.42,18871,26,18845,2.54,8448,7398,1050,12.42
"087",1,"84770","Wiggins",893,0,893,2.98,343,299,44,12.82,894,0,894,2.98,343,299,44,12.82,906,0,906,2.99,345,303,42,12.17,900,0,900,2.99,345,301,44,12.75,898,0,898,2.98,345,301,44,12.75,893,0,893,2.98,345,299,46,13.33
"087",1,"09555","Brush",5463,373,5090,2.43,2295,2087,208,9.06,5468,373,5095,2.43,2295,2089,206,8.97,5511,373,5138,2.43,2295,2107,188,8.19,5473,373,5100,2.43,2295,2091,204,8.88,5463,373,5090,2.43,2295,2087,208,9.06,5436,373,5063,2.43,2295,2076,219,9.54
"087",1,"27810","Fort Morgan",11315,191,11124,2.78,4279,4000,279,6.52,11328,191,11137,2.78,4280,4005,275,6.42,11422,191,11231,2.78,4280,4038,242,5.65,11345,191,11154,2.78,4282,4011,271,6.32,11323,191,11132,2.78,4282,4003,279,6.51,11264,191,11073,2.78,4282,3982,300,7.00
"087",1,"36610","Hillrose",264,0,264,2.51,124,105,19,15.32,264,0,264,2.51,124,105,19,15.32,266,0,266,2.50,124,106,18,14.51,265,0,265,2.52,124,105,19,15.32,264,0,264,2.51,124,105,19,15.32,263,0,263,2.50,124,105,19,15.32
"087",1,"45695","Log Lane Village",873,0,873,2.91,343,300,43,12.53,874,0,874,2.91,343,300,43,12.53,881,0,881,2.90,343,303,40,11.66,875,0,875,2.90,343,301,42,12.24,873,0,873,2.91,343,300,43,12.53,868,0,868,2.91,343,298,45,13.11
"087",1,"99990","Unincorp. Area",9351,0,9351,2.66,4106,3503,603,14.68,9368,0,9368,2.66,4110,3509,601,14.62,9463,0,9463,2.66,4116,3545,571,13.87,9437,0,9437,2.66,4136,3535,601,14.53,9496,0,9496,2.66,4170,3557,613,14.70,9530,0,9530,2.66,4207,3570,637,15.14
"089",1,"65190","Rocky Ford",3957,70,3887,2.39,1869,1620,249,13.32,3958,70,3888,2.40,1869,1620,249,13.32,3956,70,3886,2.39,1869,1620,249,13.32,3922,70,3852,2.40,1869,1605,264,14.12,3887,70,3817,2.39,1869,1591,278,14.87,3854,70,3784,2.39,1869,1577,292,15.62
"089",1,"75970","Swink",617,0,617,2.48,286,248,38,13.28,617,0,617,2.48,286,248,38,13.28,617,0,617,2.48,286,248,38,13.28,611,0,611,2.48,286,246,40,13.98,606,0,606,2.48,286,244,42,14.68,601,0,601,2.48,286,242,44,15.38
"089",1,"13460","Cheraw",252,0,252,2.49,115,101,14,12.17,252,0,252,2.49,115,101,14,12.17,252,0,252,2.49,115,101,14,12.17,232,0,232,2.44,115,95,20,17.39,247,0,247,2.49,115,99,16,13.91,245,0,245,2.50,115,98,17,14.78
"089",1,"27975","Fowler",1182,37,1145,2.17,597,526,71,11.89,1182,37,1145,2.17,597,526,71,11.89,1182,37,1145,2.17,597,526,71,11.89,1172,37,1135,2.17,597,521,76,12.73,1161,37,1124,2.17,597,516,81,13.56,1152,37,1115,2.17,597,512,85,14.23
"089",1,"42110","La Junta",7077,283,6794,2.32,3422,2919,503,14.69,7079,283,6796,2.32,3422,2920,502,14.66,7077,283,6794,2.32,3423,2919,504,14.72,7018,283,6735,2.32,3423,2894,529,15.45,6956,283,6673,2.32,3423,2867,556,16.24,6903,283,6620,2.32,3425,2844,581,16.96
"089",1,"48500","Manzanola",434,0,434,2.66,198,163,35,17.67,434,0,434,2.66,198,163,35,17.67,434,0,434,2.66,198,163,35,17.67,430,0,430,2.67,198,161,37,18.68,426,0,426,2.66,198,160,38,19.19,423,0,423,2.66,198,159,39,19.69
"089",1,"99990","Unincorp. Area",5312,43,5269,2.44,2482,2152,330,13.29,5316,43,5273,2.44,2483,2154,329,13.25,5315,43,5272,2.44,2485,2153,332,13.36,5278,43,5235,2.44,2488,2138,350,14.06,5237,43,5194,2.44,2492,2121,371,14.88,5202,43,5159,2.44,2496,2107,389,15.58
"009",1,"61315","Pritchett",140,0,140,2.41,76,58,18,23.68,140,0,140,2.41,76,58,18,23.68,140,0,140,2.41,76,58,18,23.68,138,0,138,2.42,76,57,19,25.00,135,0,135,2.41,76,56,20,26.31,134,0,134,2.39,76,56,20,26.31
"009",1,"73330","Springfield",1451,60,1391,2.09,826,664,162,19.61,1454,60,1394,2.09,826,665,161,19.49,1456,60,1396,2.09,828,666,162,19.56,1440,60,1380,2.09,830,659,171,20.60,1413,60,1353,2.09,830,646,184,22.16,1394,60,1334,2.09,830,637,193,23.25
"009",1,"79270","Two Buttes",43,0,43,1.65,37,26,11,29.72,43,0,43,1.65,37,26,11,29.72,43,0,43,1.65,37,26,11,29.72,42,0,42,1.68,37,25,12,32.43,42,0,42,1.68,37,25,12,32.43,41,0,41,1.64,37,25,12,32.43
"009",1,"81030","Vilas",114,0,114,2.59,60,44,16,26.66,114,0,114,2.59,60,44,16,26.66,114,0,114,2.59,60,44,16,26.66,112,0,112,2.60,60,43,17,28.33,110,0,110,2.61,60,42,18,30.00,109,0,109,2.59,60,42,18,30.00
"009",1,"82460","Walsh",546,22,524,2.08,350,251,99,28.28,547,22,525,2.09,350,251,99,28.28,547,22,525,2.09,350,251,99,28.28,539,22,517,2.08,350,248,102,29.14,529,22,507,2.08,350,243,107,30.57,522,22,500,2.08,350,240,110,31.42
"009",1,"11645","Campo",109,0,109,2.31,75,47,28,37.33,109,0,109,2.31,75,47,28,37.33,109,0,109,2.31,75,47,28,37.33,108,0,108,2.29,75,47,28,37.33,105,0,105,2.33,75,45,30,40.00,104,0,104,2.31,75,45,30,40.00
"009",1,"99990","Unincorp. Area",1385,0,1385,2.32,824,595,229,27.79,1388,0,1388,2.32,824,596,228,27.66,1388,0,1388,2.32,824,596,228,27.66,1367,0,1367,2.32,824,587,237,28.76,1341,0,1341,2.32,824,576,248,30.09,1320,0,1320,2.32,824,567,257,31.18
"091",1,"56420","Ouray",1000,0,1000,2.18,800,457,343,42.87,1003,0,1003,2.18,802,458,344,42.89,992,0,992,2.18,801,453,348,43.44,1008,0,1008,2.18,802,461,341,42.51,1007,0,1007,2.18,802,460,342,42.64,1007,0,1007,2.18,802,460,342,42.64
"091",1,"64200","Ridgway",924,0,924,2.28,511,404,107,20.93,925,0,925,2.28,511,404,107,20.93,915,0,915,2.28,511,400,111,21.72,929,0,929,2.28,511,406,105,20.54,933,0,933,2.28,513,408,105,20.46,945,0,945,2.28,520,413,107,20.57
"091",1,"99990","Unincorp. Area",2512,0,2512,2.16,1772,1161,611,34.48,2518,0,2518,2.16,1775,1164,611,34.42,2516,0,2516,2.16,1792,1163,629,35.10,2579,0,2579,2.16,1809,1192,617,34.10,2607,0,2607,2.16,1829,1205,624,34.11,2635,0,2635,2.16,1850,1218,632,34.16
"093",1,"01530","Alma",270,0,270,1.97,189,137,52,27.51,270,0,270,1.97,189,137,52,27.51,269,0,269,1.97,191,136,55,28.79,268,0,268,1.97,192,136,56,29.16,271,0,271,1.96,193,138,55,28.49,274,0,274,1.97,194,139,55,28.35
"093",1,"25610","Fairplay",679,0,679,2.28,396,297,99,25.00,682,0,682,2.28,397,298,99,24.93,675,0,675,2.28,400,295,105,26.25,673,0,673,2.28,402,294,108,26.86,680,0,680,2.28,404,297,107,26.48,685,0,685,2.28,404,300,104,25.74
"093",1,"99990","Unincorp. Area",15257,92,15165,2.25,13362,6740,6622,49.55,15310,92,15218,2.24,13387,6764,6623,49.47,15150,92,15058,2.25,13474,6692,6782,50.33,15114,92,15022,2.25,13543,6676,6867,50.70,15238,92,15146,2.24,13610,6732,6878,50.53,15424,92,15332,2.25,13664,6814,6850,50.13
"095",1,"57245","Paoli",34,0,34,2.12,23,16,7,30.43,34,0,34,2.12,23,16,7,30.43,33,0,33,2.06,23,16,7,30.43,33,0,33,2.06,23,16,7,30.43,33,0,33,2.06,23,16,7,30.43,33,0,33,2.06,23,16,7,30.43
"095",1,"34960","Haxtun",946,20,926,2.28,498,405,93,18.67,950,20,930,2.28,498,407,91,18.27,934,20,914,2.28,500,400,100,20.00,936,20,916,2.28,501,401,100,19.96,924,20,904,2.28,501,395,106,21.15,968,20,948,2.28,501,415,86,17.16
"095",1,"37270","Holyoke",2313,40,2273,2.41,1031,941,90,8.72,2325,40,2285,2.41,1032,946,86,8.33,2275,40,2235,2.41,1032,925,107,10.36,2275,40,2235,2.41,1032,925,107,10.36,2263,40,2223,2.41,1040,920,120,11.53,2248,40,2208,2.41,1040,914,126,12.11
"095",1,"99990","Unincorp. Area",1149,0,1149,2.51,535,457,78,14.57,1156,0,1156,2.51,536,460,76,14.17,1133,0,1133,2.51,537,451,86,16.01,1135,0,1135,2.51,538,451,87,16.17,1130,0,1130,2.51,543,449,94,17.31,1131,0,1131,2.51,547,450,97,17.73
"097",1,"71755","Snowmass Village",2826,10,2816,2.12,2355,1327,1028,43.65,2826,10,2816,2.12,2355,1327,1028,43.65,2821,10,2811,2.12,2362,1325,1037,43.90,2844,10,2834,2.12,2371,1335,1036,43.69,2872,10,2862,2.12,2374,1349,1025,43.17,2889,10,2879,2.12,2380,1357,1023,42.98
"097",1,"03620","Aspen",6658,42,6616,1.88,5929,3516,2413,40.69,6659,42,6617,1.88,5931,3517,2414,40.70,6628,42,6586,1.88,5930,3500,2430,40.97,6653,42,6611,1.88,5927,3513,2414,40.72,6714,42,6672,1.88,5932,3546,2386,40.22,6840,42,6798,1.88,6021,3613,2408,39.99
"097",,"04935","Basalt (Part)",931,0,931,2.37,514,392,122,23.73,931,0,931,2.37,514,392,122,23.73,927,0,927,2.37,514,390,124,24.12,931,0,931,2.37,514,392,122,23.73,940,0,940,2.37,515,396,119,23.10,955,0,955,2.37,521,402,119,22.84
"097",1,"99990","Unincorp. Area",6733,20,6713,2.30,4155,2917,1238,29.79,6740,20,6720,2.30,4160,2920,1240,29.80,6755,20,6735,2.30,4188,2927,1261,30.10,6811,20,6791,2.30,4205,2951,1254,29.82,6886,20,6866,2.30,4216,2983,1233,29.24,6961,20,6941,2.30,4246,3016,1230,28.96
"099",1,"85045","Wiley",405,0,405,2.50,196,162,34,17.34,404,0,404,2.49,196,162,34,17.34,402,0,402,2.49,196,161,35,17.85,398,0,398,2.50,196,159,37,18.87,394,0,394,2.49,196,158,38,19.38,385,0,385,2.50,196,154,42,21.42
"099",1,"31550","Granada",517,0,517,2.77,243,186,57,23.45,516,0,516,2.77,243,186,57,23.45,513,0,513,2.77,243,185,58,23.86,508,0,508,2.77,243,183,60,24.69,503,0,503,2.77,243,181,62,25.51,492,0,492,2.77,243,177,66,27.16
"099",1,"34520","Hartman",81,0,81,2.31,48,35,13,27.08,81,0,81,2.31,48,35,13,27.08,80,0,80,2.28,48,35,13,27.08,80,0,80,2.28,48,35,13,27.08,79,0,79,2.32,48,34,14,29.16,77,0,77,2.33,48,33,15,31.25
"099",1,"37215","Holly",802,44,758,2.54,381,298,83,21.78,801,44,757,2.54,381,298,83,21.78,796,44,752,2.54,381,296,85,22.30,791,44,747,2.54,382,294,88,23.03,787,44,743,2.54,384,292,92,23.95,771,44,727,2.54,384,286,98,25.52
"099",1,"43110","Lamar",7804,265,7539,2.43,3666,3102,564,15.38,7792,265,7527,2.43,3666,3097,569,15.52,7748,265,7483,2.43,3669,3079,590,16.08,7685,265,7420,2.43,3670,3053,617,16.81,7610,265,7345,2.43,3671,3022,649,17.67,7444,265,7179,2.43,3671,2954,717,19.53
"099",1,"99990","Unincorp. Area",2942,6,2936,2.54,1408,1152,256,18.18,2937,6,2931,2.54,1408,1150,258,18.32,2917,6,2911,2.54,1408,1142,266,18.89,2899,6,2893,2.54,1411,1135,276,19.56,2870,6,2864,2.54,1412,1124,288,20.39,2816,6,2810,2.54,1417,1103,314,22.15
"999",1,"08070","Bow Mar (Total)",866,0,866,2.98,302,290,12,3.97,868,0,868,2.98,302,291,11,3.64,879,0,879,2.97,302,295,7,2.31,893,0,893,2.98,303,299,4,1.32,909,0,909,2.98,305,305,0,0.00,928,0,928,3.01,308,308,0,0.00
"999",1,"75640","Superior (Total)",12483,0,12483,2.77,4698,4496,202,4.29,12499,0,12499,2.77,4698,4502,196,4.17,12612,0,12612,2.77,4699,4542,157,3.34,12762,0,12762,2.77,4700,4596,104,2.21,12843,0,12843,2.77,4701,4626,75,1.59,12857,0,12857,2.77,4709,4631,78,1.65
"999",1,"77290","Thornton (Total)",118772,462,118310,2.86,43230,41359,1871,4.32,119409,462,118947,2.86,43288,41582,1706,3.94,121819,462,121357,2.86,43533,42424,1109,2.54,124249,462,123787,2.86,43777,43274,503,1.14,127450,462,126988,2.86,44309,44309,0,0.00,129403,462,128941,2.91,44309,44309,0,0.00
"999",1,"08675","Brighton (Total)",33352,1546,31806,2.94,11387,10788,599,5.26,33505,1546,31959,2.94,11396,10840,556,4.87,34108,1543,32565,2.94,11446,11046,400,3.49,34718,1543,33175,2.94,11496,11252,244,2.12,36297,1543,34754,2.94,11883,11788,95,0.79,37077,1543,35534,2.96,11966,11966,0,0.00
"999",1,"83835","Westminster (Total)",106114,467,105647,2.51,43968,42041,1927,4.38,106452,467,105985,2.51,43979,42176,1803,4.09,107683,467,107216,2.51,44024,42668,1356,3.08,109078,467,108611,2.51,44088,43224,864,1.95,110432,467,109965,2.51,44181,43764,417,0.94,111834,467,111367,2.51,44219,44219,0,0.00
"999",1,"85485","Windsor (Total)",18644,103,18541,2.75,7198,6732,466,6.47,18769,103,18666,2.75,7222,6777,445,6.16,19255,103,19152,2.75,7344,6953,391,5.32,20119,103,20016,2.75,7588,7265,323,4.25,21441,103,21338,2.75,8021,7740,281,3.50,21732,103,21629,2.75,8021,7846,175,2.18
"999",1,"12855","Center (Total)",2230,0,2230,2.81,925,793,132,14.27,2233,0,2233,2.81,925,794,131,14.16,2235,0,2235,2.81,925,794,131,14.16,2267,0,2267,2.81,925,806,119,12.86,2220,0,2220,2.81,925,789,136,14.70,2190,0,2190,2.81,925,778,147,15.89
"999",1,"12910","Central City (Total)",663,0,663,1.93,487,342,145,29.77,668,0,668,1.93,489,345,144,29.44,665,0,665,1.93,489,343,146,29.85,668,0,668,1.93,493,345,148,30.02,681,0,681,1.94,493,351,142,28.80,722,0,722,1.94,501,372,129,25.74
"999",1,"03455","Arvada (Total)",106433,506,105927,2.48,44427,42701,1726,3.88,106632,506,106126,2.48,44450,42781,1669,3.75,107595,506,107089,2.48,44633,43169,1464,3.28,109696,506,109190,2.48,45172,44016,1156,2.55,111409,615,110794,2.48,45579,44663,916,2.00,113326,615,112711,2.48,46058,45436,622,1.35
"999",1,"24950","Erie (Total)",18135,0,18135,2.87,6581,6301,280,4.25,18268,0,18268,2.87,6612,6347,265,4.00,18930,0,18930,2.87,6789,6577,212,3.12,19584,0,19584,2.87,6941,6806,135,1.94,20135,0,20135,2.87,7083,7000,83,1.17,20819,0,20819,2.87,7277,7242,35,0.48
"999",1,"04000","Aurora (Total)",325078,2556,322522,2.64,131040,121901,9139,6.97,326565,2556,324009,2.64,131136,122464,8672,6.61,333078,2481,330597,2.64,131920,124960,6960,5.27,339373,2427,336946,2.64,132352,127338,5014,3.78,345042,2207,342835,2.64,132878,129570,3308,2.48,350773,2266,348507,2.64,133406,131697,1709,1.28
"999",1,"32650","Green Mtn Falls (Total)",640,24,616,1.98,590,310,280,47.45,808,24,784,1.98,590,394,196,33.22,827,24,803,1.98,592,404,188,31.75,832,24,808,1.99,593,406,187,31.53,842,24,818,1.99,597,411,186,31.15,842,24,818,1.99,598,411,187,31.27
"999",1,"04935","Basalt (Total)",3857,0,3857,2.41,1912,1600,312,16.31,3849,0,3849,2.41,1913,1597,316,16.51,3816,0,3816,2.41,1914,1583,331,17.29,3825,0,3825,2.41,1915,1587,328,17.12,3860,0,3860,2.40,1919,1602,317,16.51,3919,0,3919,2.41,1941,1626,315,16.22
"999",1,"39855","Johnstown (Total)",9887,0,9887,2.94,3554,3356,198,5.57,9988,0,9988,2.94,3577,3390,187,5.22,10423,0,10423,2.94,3698,3537,161,4.35,11055,0,11055,2.94,3875,3752,123,3.17,12055,0,12055,2.94,4186,4091,95,2.26,13292,0,13292,2.94,4557,4512,45,0.98
"999",1,"06090","Bennett (Total)",2308,0,2308,2.76,898,834,64,7.12,2317,0,2317,2.76,898,837,61,6.79,2350,0,2350,2.76,898,849,49,5.45,2385,0,2385,2.76,898,862,36,4.00,2417,0,2417,2.76,898,874,24,2.67,2454,0,2454,2.76,898,886,12,1.33
"999",1,"06255","Berthoud (Total)",5105,69,5036,2.51,2084,1999,85,4.07,5123,69,5054,2.51,2087,2006,81,3.88,5157,69,5088,2.52,2087,2019,68,3.25,5196,69,5127,2.51,2087,2035,52,2.49,5303,69,5234,2.51,2127,2078,49,2.30,5716,69,5647,2.51,2259,2242,17,0.75
"999",1,"45255","Littleton (Total)",41737,491,41246,2.25,19434,18312,1122,5.77,42035,491,41544,2.25,19502,18445,1057,5.41,42651,491,42160,2.25,19518,18717,801,4.10,43312,491,42821,2.25,19523,19013,510,2.61,43878,491,43387,2.25,19526,19267,259,1.32,44396,491,43905,2.25,19530,19498,32,0.16
"999",1,"45530","Lochbuie (Total)",4726,0,4726,2.89,1762,1631,131,7.43,4808,0,4808,2.89,1786,1659,127,7.11,5080,0,5080,2.89,1869,1753,116,6.20,5221,0,5221,2.89,1897,1802,95,5.00,5275,0,5275,2.89,1898,1820,78,4.10,5364,0,5364,2.89,1906,1851,55,2.88
"999",1,"45970","Longmont (Total)",86270,639,85631,2.57,35008,33252,1756,5.01,86411,639,85772,2.57,35022,33307,1715,4.89,87523,639,86884,2.57,35197,33755,1442,4.09,88824,639,88185,2.57,35310,34260,1050,2.97,90299,639,89660,2.57,35683,34834,849,2.37,90855,639,90216,2.57,35925,35049,876,2.43
"999",1,"54330","Northglenn (Total)",35789,129,35660,2.64,14274,13492,782,5.47,35933,129,35804,2.64,14274,13546,728,5.10,36453,129,36324,2.64,14274,13743,531,3.72,36973,129,36844,2.64,14274,13940,334,2.33,37472,129,37343,2.64,14274,14129,145,1.01,38648,129,38519,2.65,14500,14500,0,0.00
