OBJECTID,STATEFP,PLACEFP,PLACENS,GEOID,NAME,NAMELSAD,LSAD,CLASSFP,PCICBSA,PCINECTA,MTFCC,FUNCSTAT,ALAND,AWATER,INTPTLAT,INTPTLON,Shape_Length,Shape_Area
1,8,9555,2409926,809555,Brush,Brush city,25,C1,N,N,G4110,A,6597824,0,40.2581364,-103.6321599,0.269335694,0.000698457
2,8,36610,2412751,836610,Hillrose,Hillrose town,43,C1,N,N,G4110,A,502105,0,40.3246539,-103.5221746,0.03728643,5.32055E-05
3,8,45695,2412910,845695,Log Lane Village,Log Lane Village town,43,C1,N,N,G4110,A,709280,0,40.2702304,-103.8293819,0.051107946,7.50987E-05
4,8,84770,2413486,884770,Wiggins,Wiggins town,43,C1,N,N,G4110,A,3435536,"11,299.00",40.226588,-104.0734981,0.158645109,0.000364725
5,8,33310,2412712,833310,Grover,Grover town,43,C1,N,N,G4110,A,1542183,0,40.869111,-104.2259321,0.058443069,0.000164733
6,8,13460,2413193,813460,Cheraw,Cheraw town,43,C1,N,N,G4110,A,409966,0,38.1081042,-103.5109264,0.037851312,4.21129E-05
7,8,48500,2412949,848500,Manzanola,Manzanola town,43,C1,N,N,G4110,A,715778,0,38.1088247,-103.8667782,0.04204765,7.35277E-05
8,8,8345,2411720,808345,Branson,Branson town,43,C1,N,N,G4110,A,634018,0,37.0154926,-103.883777,0.044895143,6.41955E-05
9,8,78610,2412094,878610,Trinidad,Trinidad city,25,C1,N,N,G4110,A,24023779,"1,008.00",37.1731573,-104.4903263,0.757942957,0.002437597
10,8,40570,2412834,840570,Kim,Kim town,43,C1,N,N,G4110,A,980927,0,37.2470622,-103.3534114,0.056460236,9.962E-05
11,8,26875,2412631,826875,Fleming,Fleming town,43,C1,N,N,G4110,A,1348197,0,40.6817711,-102.839443,0.068821661,0.000143612
12,8,58235,2413123,858235,Peetz,Peetz town,43,C1,N,N,G4110,A,495841,0,40.9620456,-103.114231,0.045356644,5.30378E-05
13,8,43660,2411628,843660,Las Animas,Las Animas city,25,C1,N,N,G4110,A,4195689,"118,772.00",38.0696677,-103.2232289,0.152833303,0.000442964
14,8,28690,2412661,828690,Frisco,Frisco town,43,C1,N,N,G4110,A,4364516,"264,812.00",39.5784823,-106.0909729,0.220613034,0.000485311
15,8,53120,2413035,853120,Naturita,Naturita town,43,C1,N,N,G4110,A,1779767,0,38.2185544,-108.5682864,0.095150888,0.000183095
16,8,54935,2413058,854935,Nucla,Nucla town,43,C1,N,N,G4110,A,1863426,0,38.2665342,-108.5487156,0.099372117,0.000191826
17,8,55540,2413078,855540,Olathe,Olathe town,43,C1,N,N,G4110,A,3757933,0,38.6083188,-107.9828407,0.218343138,0.000388657
18,8,17375,2410236,817375,Cortez,Cortez city,25,C1,N,N,G4110,A,16091609,"70,393.00",37.3497833,-108.576687,0.351236419,0.001643575
19,8,66895,2412588,866895,Rye,Rye town,43,C1,N,N,G4110,A,246224,0,37.9212814,-104.932135,0.02967139,2.52295E-05
20,8,28305,2412655,828305,Fraser,Fraser town,43,C1,N,N,G4110,A,9081521,"12,925.00",39.9233235,-105.805286,0.210012925,0.000958199
21,8,31715,2412701,831715,Grand Lake,Grand Lake town,43,C1,N,N,G4110,A,2716960,"1,339.00",40.2466515,-105.825629,0.184885408,0.000287731
22,8,37600,2412770,837600,Hot Sulphur Springs,Hot Sulphur Springs town,43,C1,N,N,G4110,A,1966443,0,40.0748337,-106.1024857,0.094510301,0.000207619
23,8,41560,2412848,841560,Kremmling,Kremmling town,43,C1,N,N,G4110,A,3426914,0,40.0565429,-106.3781604,0.137005433,0.00036172
24,8,85705,2413502,885705,Winter Park,Winter Park town,43,C1,N,N,G4110,A,42822071,0,39.8778206,-105.7828131,0.492205413,0.004508382
25,8,18310,2412385,818310,Crested Butte,Crested Butte town,43,C1,N,N,G4110,A,2179996,0,38.8677359,-106.9772664,0.09138881,0.000226269
26,8,23740,2412474,823740,Elizabeth,Elizabeth town,43,C1,N,N,G4110,A,3234764,0,39.3610149,-104.6061722,0.220947621,0.000338067
27,8,40790,2412838,840790,Kiowa,Kiowa town,43,C1,N,N,G4110,A,2290844,"5,407.00",39.3435303,-104.4571759,0.13340946,0.000239923
28,8,27425,2410526,827425,Fort Collins,Fort Collins city,25,C1,Y,N,G4110,A,141460726,"3,170,690.00",40.5482164,-105.0648327,2.19907627,0.015376131
29,8,86310,2412310,886310,Wray,Wray city,25,C1,N,N,G4110,A,8903390,"7,500.00",40.0799527,-102.2286219,0.357126263,0.000940887
30,8,49875,2412977,849875,Meeker,Meeker town,43,C1,N,N,G4110,A,9078528,0,40.0497998,-107.8953553,0.37956267,0.000958169
31,8,925,2412340,800925,Akron,Akron town,43,C1,N,N,G4110,A,6797251,0,40.1643821,-103.2206849,0.258678365,0.000718589
32,8,62880,2412528,862880,Rangely,Rangely town,43,C1,N,N,G4110,A,10749619,0,40.0951768,-108.7567395,0.377081341,0.001135143
33,8,17760,2410255,817760,Craig,Craig city,25,C1,Y,N,G4110,A,13300650,0,40.5170341,-107.5556743,0.302050481,0.001413365
34,8,20495,2412432,820495,Dinosaur,Dinosaur town,43,C1,N,N,G4110,A,2032365,0,40.2405515,-109.0085896,0.074875881,0.000215095
35,8,68655,2413263,868655,Sawpit,Sawpit town,43,C1,N,N,G4110,A,79633,0,37.9946211,-108.0011887,0.014693257,8.16781E-06
36,8,19080,2410283,819080,Dacono,Dacono city,25,C1,N,N,G4110,A,21032759,"23,513.00",40.0635207,-104.9468043,0.627726757,0.002222712
37,8,85485,2413496,885485,Windsor,Windsor town,43,C1,N,N,G4110,A,63277623,"824,834.00",40.4775548,-104.9167996,1.442069208,0.006806681
38,8,39855,2412807,839855,Johnstown,Johnstown town,43,C1,N,N,G4110,A,35749602,"220,863.00",40.3897894,-104.9694426,1.275719558,0.003812939
39,8,45530,2412905,845530,Lochbuie,Lochbuie town,43,C1,N,N,G4110,A,9632508,"59,469.00",40.0104959,-104.7244845,0.433481611,0.00102235
40,8,63045,2412533,863045,Raymer (New Raymer),Raymer (New Raymer) town,43,C1,N,N,G4110,A,1861619,0,40.6077583,-103.8443288,0.087167502,0.000198086
41,8,37820,2412776,837820,Hudson,Hudson town,43,C1,N,N,G4110,A,12399422,"51,918.00",40.0783878,-104.641005,0.605720547,0.001314896
42,8,45970,2410869,845970,Longmont,Longmont city,25,C1,N,N,G4110,A,70590068,"3,807,373.00",40.1698416,-105.0990063,1.424046183,0.007865669
43,8,22860,2412462,822860,Eaton,Eaton town,43,C1,N,N,G4110,A,6117679,0,40.5251809,-104.7133079,0.296779902,0.000650159
44,8,40515,2412828,840515,Kersey,Kersey town,43,C1,N,N,G4110,A,3129149,0,40.3874297,-104.5658661,0.253424217,0.000331882
45,8,82350,2412176,882350,Walsenburg,Walsenburg city,25,C1,N,N,G4110,A,7743506,0,37.6305976,-104.7817193,0.253041969,0.000790382
46,8,19355,2412412,819355,De Beque,De Beque town,43,C1,N,N,G4110,A,11140117,"66,413.00",39.2757332,-108.1934051,0.472505312,0.001169998
47,8,34520,2412730,834520,Hartman,Hartman town,43,C1,N,N,G4110,A,705899,0,38.1211183,-102.2216521,0.03978676,7.25245E-05
48,8,73825,2411976,873825,Steamboat Springs,Steamboat Springs city,25,C1,Y,N,G4110,A,26280037,"33,407.00",40.4755865,-106.8229348,0.463633826,0.002794519
49,8,9115,2411733,809115,Brookside,Brookside town,43,C1,N,N,G4110,A,1204057,0,38.4135431,-105.1910599,0.05771452,0.000124197
50,8,11810,2409976,811810,Cañon City,Cañon City city,25,C1,Y,N,G4110,A,32405088,"31,525.00",38.441889,-105.2208915,0.764211263,0.003347126
51,8,8400,2411722,808400,Breckenridge,Breckenridge town,43,C1,Y,N,G4110,A,15525860,0,39.4996193,-106.0432924,0.512718146,0.001625796
52,8,51690,2413008,851690,Montezuma,Montezuma town,43,C1,N,N,G4110,A,205298,0,39.5817064,-105.8680708,0.021674206,2.15228E-05
53,8,82130,2413440,882130,Walden,Walden town,43,C1,N,N,G4110,A,868265,0,40.7315839,-106.2813362,0.046956208,9.25565E-05
54,8,11645,2413155,811645,Campo,Campo town,43,C1,N,N,G4110,A,373692,0,37.1047115,-102.5787984,0.026579258,3.78809E-05
55,8,6530,2411684,806530,Bethune,Bethune town,43,C1,N,N,G4110,A,419628,0,39.3038224,-102.4234144,0.028225291,4.38201E-05
56,8,10600,2409946,810600,Burlington,Burlington city,25,C1,N,N,G4110,A,5407275,0,39.3044913,-102.2714626,0.234273527,0.000564671
57,8,57630,2413117,857630,Parker,Parker town,43,C1,N,N,G4110,A,54861319,"20,752.00",39.5041671,-104.7731726,1.08016031,0.005747629
58,8,56420,2411342,856420,Ouray,Ouray city,25,C1,N,N,G4110,A,2281599,0,38.0274298,-107.6735796,0.101770164,0.000234118
59,8,3620,2409743,803620,Aspen,Aspen city,25,C1,N,N,G4110,A,10048083,0,39.1949512,-106.8370022,0.436479823,0.001047685
60,8,71755,2413302,871755,Snowmass Village,Snowmass Village town,43,C1,N,N,G4110,A,70749804,"212,338.00",39.2168719,-106.9439737,0.667661763,0.007401645
61,8,14175,2413197,814175,Cheyenne Wells,Cheyenne Wells town,43,C1,N,N,G4110,A,2770153,0,38.8192016,-102.3520301,0.11326647,0.000287331
62,8,11260,2413149,811260,Calhan,Calhan town,43,C1,N,N,G4110,A,2255870,0,39.0344381,-104.2991386,0.103133818,0.000234686
63,8,16000,2410198,816000,Colorado Springs,Colorado Springs city,25,C1,Y,N,G4110,A,504711363,"947,172.00",38.8672553,-104.760749,3.282447579,0.052483685
64,8,27975,2412648,827975,Fowler,Fowler town,43,C1,N,N,G4110,A,1356013,0,38.1296307,-104.0256731,0.094322106,0.000139334
65,8,26765,2412628,826765,Flagler,Flagler town,43,C1,N,N,G4110,A,3307002,0,39.2954912,-103.0767068,0.130913339,0.000345299
66,8,74485,2413341,874485,Stratton,Stratton town,43,C1,N,N,G4110,A,1330549,0,39.3028828,-102.6034734,0.082705903,0.000138943
67,8,27810,2410529,827810,Fort Morgan,Fort Morgan city,25,C1,Y,N,G4110,A,11403047,"178,453.00",40.2560287,-103.791319,0.491908572,0.001225998
68,8,19850,2410319,819850,Delta,Delta city,25,C1,N,N,G4110,A,34563541,"728,621.00",38.7573724,-108.0879591,0.800599312,0.003657448
69,8,65190,2410983,865190,Rocky Ford,Rocky Ford city,25,C1,N,N,G4110,A,4301442,"36,183.00",38.0502122,-103.722672,0.161682149,0.000445225
70,8,75970,2413358,875970,Swink,Swink town,43,C1,N,N,G4110,A,684731,0,38.014148,-103.6281626,0.059588867,7.02484E-05
71,8,38590,2412788,838590,Iliff,Iliff town,43,C1,N,N,G4110,A,653652,0,40.7583326,-103.0661277,0.035484395,6.97068E-05
72,8,73935,2411978,873935,Sterling,Sterling city,25,C1,Y,N,G4110,A,19709176,0,40.6207055,-103.1918666,0.454137326,0.002097569
73,8,27865,2410535,827865,Fountain,Fountain city,25,C1,N,N,G4110,A,63459237,"93,490.00",38.6995803,-104.6997575,1.279570631,0.006579873
74,8,51800,2413009,851800,Monument,Monument town,43,C1,N,N,G4110,A,17491251,"128,760.00",39.0746976,-104.8439056,0.453238822,0.001834078
75,8,86090,2412303,886090,Woodland Park,Woodland Park city,25,C1,N,N,G4110,A,17110803,0,38.9987057,-105.0595332,0.60524942,0.001779216
76,8,81690,2413437,881690,Vona,Vona town,43,C1,N,N,G4110,A,573247,0,39.3021195,-102.7433516,0.034806982,5.98608E-05
77,8,74815,2413346,874815,Sugar City,Sugar City town,43,C1,N,N,G4110,A,996804,0,38.2327735,-103.663312,0.055469776,0.000102566
78,8,18750,2412394,818750,Crowley,Crowley town,43,C1,N,N,G4110,A,584023,0,38.193506,-103.8597438,0.04434382,6.00622E-05
79,8,55705,2413079,855705,Olney Springs,Olney Springs town,43,C1,N,N,G4110,A,623096,0,38.1662739,-103.9444914,0.032311292,6.40562E-05
80,8,56145,2413090,856145,Ordway,Ordway town,43,C1,N,N,G4110,A,1997956,0,38.2208983,-103.7566795,0.08325224,0.000205548
81,8,51745,2411151,851745,Montrose,Montrose city,25,C1,Y,N,G4110,A,45605835,0,38.4691729,-107.8606816,2.006208667,0.004707732
82,8,70635,2413290,870635,Simla,Simla town,43,C1,N,N,G4110,A,1470344,0,39.1410514,-104.0817538,0.063645049,0.000153193
83,8,23025,2412464,823025,Eckley,Eckley town,43,C1,N,N,G4110,A,1234634,0,40.1124668,-102.4885454,0.055710759,0.000130424
84,8,48445,2411021,848445,Manitou Springs,Manitou Springs city,25,C1,N,N,G4110,A,8175318,0,38.8576016,-104.9124294,0.192187316,0.000848425
85,8,57025,2413103,857025,Palmer Lake,Palmer Lake town,43,C1,N,N,G4110,A,8008781,"55,968.00",39.1134646,-104.8998058,0.2035252,0.000839956
86,8,62660,2412523,862660,Ramah,Ramah town,43,C1,N,N,G4110,A,635616,0,39.1222376,-104.1673343,0.033143309,6.62063E-05
87,8,72395,2413307,872395,South Fork,South Fork town,43,C1,N,N,G4110,A,6411222,"2,333.00",37.6691859,-106.6428506,0.271831306,0.000654969
88,8,15330,2413219,815330,Coal Creek,Coal Creek town,43,C1,N,N,G4110,A,3294205,0,38.362038,-105.1417822,0.107403722,0.000339554
89,8,67280,2411766,867280,Salida,Salida city,25,C1,N,N,G4110,A,6689598,0,38.5302746,-105.9987836,0.313260552,0.000691121
90,8,32650,2412708,832650,Green Mountain Falls,Green Mountain Falls town,43,C1,N,N,G4110,A,2764181,"4,117.00",38.9349535,-105.0197128,0.09260803,0.000287597
91,8,18530,2410265,818530,Cripple Creek,Cripple Creek city,25,C1,N,N,G4110,A,3969873,0,38.7461495,-105.1840415,0.233839139,0.000411355
92,8,80865,2412153,880865,Victor,Victor city,25,C1,N,N,G4110,A,699668,0,38.7090038,-105.1418548,0.040057793,7.24619E-05
93,8,73330,2413324,873330,Springfield,Springfield town,43,C1,N,N,G4110,A,2917194,0,37.4049147,-102.6188979,0.152151353,0.000296875
94,8,79270,2413409,879270,Two Buttes,Two Buttes town,43,C1,N,N,G4110,A,642191,0,37.5606642,-102.3965556,0.035245412,6.54876E-05
95,8,81030,2413433,881030,Vilas,Vilas town,43,C1,N,N,G4110,A,331107,0,37.3736643,-102.4474163,0.027526064,3.36821E-05
96,8,27040,2410510,827040,Florence,Florence city,25,C1,N,N,G4110,A,10798971,"9,683.00",38.3798264,-105.0981068,0.271339609,0.001114417
97,8,64970,2412564,864970,Rockvale,Rockvale town,43,C1,N,N,G4110,A,4964778,0,38.3647129,-105.1647789,0.141884908,0.000511768
98,8,85155,2413490,885155,Williamsburg,Williamsburg town,43,C1,N,N,G4110,A,9240495,0,38.3839839,-105.1711794,0.219129151,0.00095276
99,8,44320,2411641,844320,Leadville,Leadville city,25,C1,N,N,G4110,A,2856451,0,39.2466926,-106.2935085,0.101966921,0.000298049
100,8,57400,2413110,857400,Parachute,Parachute town,43,C1,N,N,G4110,A,4164877,"160,106.00",39.4500473,-108.0554814,0.143655837,0.000452574
101,8,42330,2412863,842330,Lake City,Lake City town,43,C1,N,N,G4110,A,2155052,"25,017.00",38.0305035,-107.310176,0.122017155,0.000223708
102,8,10105,2411739,810105,Buena Vista,Buena Vista town,43,C1,N,N,G4110,A,8946934,"2,195.00",38.829332,-106.1395147,0.236024684,0.000928407
103,8,60600,2412495,860600,Poncha Springs,Poncha Springs town,43,C1,N,N,G4110,A,7030718,0,38.5188435,-106.0725763,0.287779121,0.000726193
104,8,42110,2411574,842110,La Junta,La Junta city,25,C1,N,N,G4110,A,7811225,"15,242.00",37.9794141,-103.5473359,0.494293102,0.000802569
105,8,25115,2412603,825115,Estes Park,Estes Park town,43,C1,N,N,G4110,A,17352523,"223,832.00",40.3771167,-105.5255142,0.736148405,0.001863704
106,8,83230,2413464,883230,Wellington,Wellington town,43,C1,N,N,G4110,A,8714034,"12,286.00",40.6993664,-105.0058254,0.281549954,0.000929785
107,8,48115,2412939,848115,Mancos,Mancos town,43,C1,N,N,G4110,A,1653169,0,37.3465969,-108.2938563,0.082415274,0.00016811
108,8,45955,2410864,845955,Lone Tree,Lone Tree city,25,C1,N,N,G4110,A,25060416,0,39.5307441,-104.8710315,0.495980322,0.00262537
109,8,12415,2413179,812415,Castle Rock,Castle Rock town,43,C1,N,N,G4110,A,87707045,0,39.3760887,-104.8534873,2.024059777,0.009168267
110,8,18640,2412389,818640,Crook,Crook town,43,C1,N,N,G4110,A,346447,0,40.8587523,-102.8013919,0.028510705,3.7001E-05
111,8,55980,2413088,855980,Orchard City,Orchard City town,43,C1,N,N,G4110,A,29543507,"18,635.00",38.8140588,-107.9675415,0.492298886,0.003066075
112,8,50040,2412985,850040,Merino,Merino town,43,C1,N,N,G4110,A,433229,0,40.4848253,-103.353616,0.033448588,4.6014E-05
113,8,7571,2411706,807571,Bonanza,Bonanza town,43,C1,N,N,G4110,A,1130609,0,38.2966071,-106.1418725,0.051693802,0.000116435
114,8,18420,2412387,818420,Crestone,Crestone town,43,C1,N,N,G4110,A,977053,0,37.9944971,-105.6962726,0.049343254,0.000100213
115,8,51250,2413006,851250,Moffat,Moffat town,43,C1,N,N,G4110,A,3629589,0,38.001997,-105.9054555,0.08003111,0.00037231
116,8,67005,2412591,867005,Saguache,Saguache town,43,C1,N,N,G4110,A,1032057,0,38.0862474,-106.140876,0.060165772,0.000105985
117,8,24620,2412485,824620,Empire,Empire town,43,C1,N,N,G4110,A,633512,"5,785.00",39.7597104,-105.6828128,0.043758671,6.71923E-05
118,8,29735,2412677,829735,Georgetown,Georgetown town,43,C1,N,N,G4110,A,2509361,"262,402.00",39.7212978,-105.6940293,0.088036116,0.000291143
119,8,70360,2413287,870360,Silver Plume,Silver Plume town,43,C1,N,N,G4110,A,669685,"6,765.00",39.6954455,-105.7266659,0.044510271,7.10322E-05
120,8,12635,2413184,812635,Cedaredge,Cedaredge town,43,C1,N,N,G4110,A,5065013,0,38.8941372,-107.9254979,0.1473814,0.000525906
121,8,17925,2412382,817925,Crawford,Crawford town,43,C1,N,N,G4110,A,629637,0,38.7051833,-107.6100607,0.055352994,6.52055E-05
122,8,57300,2413109,857300,Paonia,Paonia town,43,C1,N,N,G4110,A,2223128,0,38.8698236,-107.5914327,0.140500559,0.000230752
123,8,15605,2413226,815605,Collbran,Collbran town,43,C1,N,N,G4110,A,1531198,0,39.2400163,-107.9639562,0.209057872,0.000159754
124,8,28745,2410553,828745,Fruita,Fruita city,25,C1,N,N,G4110,A,19744952,"481,429.00",39.1539597,-108.7281959,0.897921266,0.002107736
125,8,64200,2412551,864200,Ridgway,Ridgway town,43,C1,N,N,G4110,A,6047519,0,38.1591283,-107.7531109,0.164115803,0.000621646
126,8,61315,2412509,861315,Pritchett,Pritchett town,43,C1,N,N,G4110,A,603596,0,37.3700091,-102.8587491,0.033204392,6.13981E-05
127,8,82460,2413444,882460,Walsh,Walsh town,43,C1,N,N,G4110,A,1158441,0,37.3861074,-102.2799331,0.061776842,0.000117861
128,8,56970,2413101,856970,Palisade,Palisade town,43,C1,N,N,G4110,A,2799117,"14,259.00",39.1074041,-108.3590873,0.219029779,0.000292985
129,8,52075,2413014,852075,Morrison,Morrison town,43,C1,N,N,G4110,A,5668339,"8,946.00",39.6256127,-105.2079187,0.305511038,0.000595704
130,8,5265,2411667,805265,Bayfield,Bayfield town,43,C1,N,N,G4110,A,3733464,0,37.235248,-107.594814,0.222990928,0.000379102
131,8,38535,2412787,838535,Ignacio,Ignacio town,43,C1,N,N,G4110,A,1076159,0,37.1177293,-107.6374599,0.084321931,0.000109108
132,8,70580,2413289,870580,Silverton,Silverton town,43,C1,N,N,G4110,A,2194711,0,37.8110924,-107.6646431,0.085235324,0.000224552
133,8,46355,2410884,846355,Louisville,Louisville city,25,C1,N,N,G4110,A,20615752,"295,231.00",39.9695323,-105.1432151,0.473456438,0.002204483
134,8,31605,2412699,831605,Granby,Granby town,43,C1,N,N,G4110,A,33626272,0,40.0369893,-105.9001735,0.824664881,0.003549811
135,8,68105,2413253,868105,San Luis,San Luis town,43,C1,N,N,G4110,A,1448997,0,37.2023412,-105.4224685,0.071295393,0.000147071
136,8,39965,2412812,839965,Julesburg,Julesburg town,43,C1,N,N,G4110,A,3843244,0,40.9849884,-102.2625798,0.201453705,0.000411232
137,8,56475,2413096,856475,Ovid,Ovid town,43,C1,N,N,G4110,A,419663,0,40.9605638,-102.3883521,0.029151066,4.48887E-05
138,8,68930,2413269,868930,Sedgwick,Sedgwick town,43,C1,N,N,G4110,A,864656,0,40.9350683,-102.5256738,0.048817714,9.24504E-05
139,8,23135,2410399,823135,Edgewater,Edgewater city,25,C1,N,N,G4110,A,1807183,0,39.7508196,-105.0626154,0.09697926,0.000189916
140,8,52350,2413021,852350,Mountain View,Mountain View town,43,C1,N,N,G4110,A,240817,0,39.7747762,-105.056711,0.02117405,2.53163E-05
141,8,40185,2412820,840185,Keenesburg,Keenesburg town,43,C1,N,N,G4110,A,5786234,"72,363.00",40.1129317,-104.4891625,0.230313703,0.000618853
142,8,55045,2413059,855045,Nunn,Nunn town,43,C1,N,N,G4110,A,8071675,0,40.7119165,-104.7898035,0.253831997,0.000860188
143,8,56860,2413099,856860,Pagosa Springs,Pagosa Springs town,43,C1,N,N,G4110,A,12615397,"67,479.00",37.2636043,-107.0035304,0.621941336,0.001288381
144,8,7850,2409883,807850,Boulder,Boulder city,25,C1,Y,N,G4110,A,64355595,"2,638,427.00",40.0274347,-105.2519445,1.500239888,0.007068421
145,8,39195,2412800,839195,Jamestown,Jamestown town,43,C1,N,N,G4110,A,1615093,997,40.1170784,-105.3890478,0.130905505,0.000170734
146,8,47070,2412930,847070,Lyons,Lyons town,43,C1,N,N,G4110,A,3209036,"42,335.00",40.2230503,-105.2686649,0.202199526,0.00034402
147,8,53175,2413037,853175,Nederland,Nederland town,43,C1,N,N,G4110,A,3828286,"179,672.00",39.9638145,-105.5058636,0.130117721,0.000422483
148,8,12910,2409427,812910,Central City,Central City city,25,C1,N,N,G4110,A,6343761,48,39.7957904,-105.5148347,0.523863186,0.000667107
149,8,38370,2410092,838370,Idaho Springs,Idaho Springs city,25,C1,N,N,G4110,A,5490247,"86,431.00",39.7489232,-105.5047595,0.47229576,0.000586001
150,8,7795,2411709,807795,Boone,Boone town,43,C1,N,N,G4110,A,936458,"25,306.00",38.2504446,-104.2607921,0.046538742,9.89836E-05
151,8,1530,2412350,801530,Alma,Alma town,43,C1,N,N,G4110,A,932517,"4,924.00",39.2859424,-106.0663188,0.060712682,9.78683E-05
152,8,25610,2412616,825610,Fairplay,Fairplay town,43,C1,N,N,G4110,A,2964196,"24,699.00",39.2237796,-105.9940054,0.128276011,0.000311772
153,8,6255,2411681,806255,Berthoud,Berthoud town,43,C1,N,N,G4110,A,31154707,"327,478.00",40.2846671,-104.9655038,1.066721797,0.003335071
154,8,3950,2411653,803950,Ault,Ault town,43,C1,N,N,G4110,A,2042581,0,40.5834537,-104.7339622,0.079335654,0.000217263
155,8,8675,2409911,808675,Brighton,Brighton city,25,C1,N,N,G4110,A,53771896,"780,255.00",39.9647901,-104.7965815,1.720485842,0.005751099
156,8,24950,2412599,824950,Erie,Erie town,43,C1,N,N,G4110,A,44718533,"327,120.00",40.0403513,-105.0393651,1.324979355,0.004753393
157,8,27700,2410528,827700,Fort Lupton,Fort Lupton city,25,C1,N,N,G4110,A,19983325,"96,532.00",40.0815029,-104.7985443,0.784733594,0.002120286
158,8,29185,2412667,829185,Garden City,Garden City town,43,C1,N,N,G4110,A,292413,0,40.3945914,-104.689494,0.03112328,3.10167E-05
159,8,29955,2412683,829955,Gilcrest,Gilcrest town,43,C1,N,N,G4110,A,2100417,0,40.2841561,-104.7820241,0.083873238,0.000222439
160,8,32155,2410654,832155,Greeley,Greeley city,25,C1,Y,N,G4110,A,122044172,"317,184.00",40.4140338,-104.7710426,1.944525843,0.012982973
161,8,9280,2409919,809280,Broomfield,Broomfield city,25,C1,Y,N,G4110,A,85477515,"1,412,735.00",39.9533016,-105.0520384,1.174634524,0.00915797
162,8,30780,2410605,830780,Glenwood Springs,Glenwood Springs city,25,C1,Y,N,G4110,A,14718443,"23,050.00",39.5506256,-107.3243083,0.485447747,0.001544677
163,8,70195,2413284,870195,Silt,Silt town,43,C1,N,N,G4110,A,4380858,"118,104.00",39.5476476,-107.6540731,0.302139683,0.000471433
164,8,43605,2412856,843605,La Salle,La Salle town,43,C1,N,N,G4110,A,2357156,0,40.3485246,-104.7059273,0.133432481,0.000249861
165,8,49600,2412970,849600,Mead,Mead town,43,C1,N,N,G4110,A,27999645,"219,412.00",40.2269833,-104.9883118,1.090741489,0.002986065
166,8,54330,2411280,854330,Northglenn,Northglenn city,25,C1,N,N,G4110,A,19051399,"239,128.00",39.9111665,-104.9788396,0.347251747,0.002031899
167,8,7410,2411700,807410,Blue River,Blue River town,43,C1,N,N,G4110,A,6513599,"257,862.00",39.448494,-106.0367736,0.266243747,0.000708435
168,8,20440,2412431,820440,Dillon,Dillon town,43,C1,N,N,G4110,A,4064763,"2,224,103.00",39.6258809,-106.0437282,0.145122869,0.000659676
169,8,70525,2413288,870525,Silverthorne,Silverthorne town,43,C1,N,N,G4110,A,10291969,"147,235.00",39.6540115,-106.0924425,0.2809152,0.00109558
170,8,20770,2412439,820770,Dolores,Dolores town,43,C1,N,N,G4110,A,1885195,0,37.4739905,-108.4998236,0.112647643,0.000192025
171,8,59005,2413129,859005,Pierce,Pierce town,43,C1,N,N,G4110,A,2172970,0,40.6334989,-104.7551784,0.07962439,0.000231302
172,8,69150,2413272,869150,Severance,Severance town,43,C1,N,N,G4110,A,15840438,"249,456.00",40.5394415,-104.8701214,0.889375283,0.001710181
173,8,77290,2412064,877290,Thornton,Thornton city,25,C1,N,N,G4110,A,90923178,"2,729,979.00",39.9194198,-104.9428083,2.297070705,0.009865841
174,8,34740,2412734,834740,Haswell,Haswell town,43,C1,N,N,G4110,A,2206726,0,38.4524512,-103.1648963,0.067024893,0.000227741
175,8,6090,2411676,806090,Bennett,Bennett town,43,C1,N,N,G4110,A,15004934,"15,567.00",39.7459901,-104.4428415,0.571794274,0.001578186
176,8,3455,2409737,803455,Arvada,Arvada city,25,C1,N,N,G4110,A,99278472,"1,614,872.00",39.8337279,-105.1503061,2.268722113,0.010615198
177,8,21265,2412446,821265,Dove Creek,Dove Creek town,43,C1,N,N,G4110,A,1391629,0,37.766665,-108.9062972,0.077092306,0.0001423
178,8,55870,2413085,855870,Ophir,Ophir town,43,C1,N,N,G4110,A,455506,0,37.8568401,-107.8290229,0.046412875,4.66336E-05
179,8,37545,2412771,837545,Hotchkiss,Hotchkiss town,43,C1,N,N,G4110,A,2363464,0,38.7990647,-107.7136327,0.179422402,0.000245079
180,8,12045,2413166,812045,Carbondale,Carbondale town,43,C1,N,N,G4110,A,5294712,0,39.3946164,-107.2144748,0.181265363,0.000553616
181,8,53395,2413042,853395,New Castle,New Castle town,43,C1,N,N,G4110,A,6882648,"84,222.00",39.5782893,-107.5262433,0.196283289,0.000730354
182,8,64255,2410947,864255,Rifle,Rifle city,25,C1,N,N,G4110,A,17975509,"162,848.00",39.5375647,-107.7703446,0.887102536,0.00190035
183,8,86750,2412329,886750,Yuma,Yuma city,25,C1,N,N,G4110,A,8075960,"100,166.00",40.1244003,-102.7176124,0.279606194,0.000863853
184,8,31660,2410631,831660,Grand Junction,Grand Junction city,25,C1,Y,N,G4110,A,100848637,"918,090.00",39.0890618,-108.567452,3.831886745,0.010595092
185,8,35070,2412740,835070,Hayden,Hayden town,43,C1,N,N,G4110,A,7782060,0,40.4852407,-107.2423106,0.395766197,0.000826562
186,8,55155,2413061,855155,Oak Creek,Oak Creek town,43,C1,N,N,G4110,A,891597,0,40.2739914,-106.9570833,0.068461904,9.44073E-05
187,8,76795,2413371,876795,Telluride,Telluride town,43,C1,N,N,G4110,A,5654482,0,37.939664,-107.8178875,0.270362742,0.000579507
188,8,86475,2413518,886475,Yampa,Yampa town,43,C1,N,N,G4110,A,623540,0,40.1529957,-106.9084955,0.038649787,6.59081E-05
189,8,52550,2413024,852550,Mountain Village,Mountain Village town,43,C1,N,N,G4110,A,8749841,0,37.9323771,-107.8578543,0.171897475,0.00089669
190,8,4110,2411658,804110,Avon,Avon town,43,C1,N,N,G4110,A,20807494,"186,587.00",39.6417972,-106.5158769,0.472090655,0.002202937
191,8,54880,2413057,854880,Norwood,Norwood town,43,C1,N,N,G4110,A,751072,0,38.1288465,-108.2917114,0.073968734,7.71738E-05
192,8,50920,2413005,850920,Minturn,Minturn town,43,C1,N,N,G4110,A,19838925,"467,159.00",39.5355081,-106.3817274,0.596934566,0.002127765
193,8,63265,2412535,863265,Red Cliff,Red Cliff town,43,C1,N,N,G4110,A,608034,0,39.5091435,-106.37003,0.060636486,6.36792E-05
194,8,4935,2411665,804935,Basalt,Basalt town,43,C1,N,N,G4110,A,5177387,"20,308.00",39.3581742,-107.0185568,0.410013011,0.000543256
195,8,760,2412339,800760,Aguilar,Aguilar town,43,C1,N,N,G4110,A,1016073,0,37.4036257,-104.6550363,0.054074731,0.000103402
196,8,73715,2413331,873715,Starkville,Starkville town,43,C1,N,N,G4110,A,188786,0,37.1168201,-104.5232976,0.026312406,1.91399E-05
197,8,43550,2412878,843550,Larkspur,Larkspur town,43,C1,N,N,G4110,A,4042633,0,39.2297758,-104.8857575,0.215661231,0.000421732
198,8,8070,2411713,808070,Bow Mar,Bow Mar town,43,C1,N,N,G4110,A,1773222,"391,296.00",39.6265942,-105.0509145,0.094554322,0.000227062
199,8,13845,2409443,813845,Cherry Hills Village,Cherry Hills Village city,25,C1,N,N,G4110,A,16067780,"185,297.00",39.6374175,-104.9474697,0.183739497,0.001705283
200,8,34960,2412738,834960,Haxtun,Haxtun town,43,C1,N,N,G4110,A,1392024,0,40.6415201,-102.629539,0.073994257,0.000148193
201,8,57245,2413107,857245,Paoli,Paoli town,43,C1,N,N,G4110,A,790515,0,40.6128708,-102.472061,0.044719912,8.41207E-05
202,8,16385,2413232,816385,Columbine Valley,Columbine Valley town,43,C1,N,N,G4110,A,2653384,"37,218.00",39.5995804,-105.0307708,0.092622713,0.000282147
203,8,28105,2412649,828105,Foxfield,Foxfield town,43,C1,N,N,G4110,A,3308702,0,39.5884054,-104.7858227,0.079857551,0.00034691
204,8,30340,2410598,830340,Glendale,Glendale city,25,C1,N,N,G4110,A,1494274,"5,724.00",39.7029171,-104.9360693,0.101429455,0.000157529
205,8,69645,2411885,869645,Sheridan,Sheridan city,25,C1,N,N,G4110,A,5754915,"172,336.00",39.6477575,-105.0174566,0.170406509,0.000621972
206,8,12815,2409422,812815,Centennial,Centennial city,25,C1,N,N,G4110,A,74854259,"381,310.00",39.5905678,-104.8691178,1.416224719,0.007888731
207,8,37270,2410781,837270,Holyoke,Holyoke city,25,C1,N,N,G4110,A,6127176,"18,038.00",40.5820944,-102.2984145,0.215302649,0.000653637
208,8,37380,2412766,837380,Hooper,Hooper town,43,C1,N,N,G4110,A,652744,0,37.7459758,-105.8777353,0.033051595,6.67277E-05
209,8,42055,2412855,842055,La Jara,La Jara town,43,C1,N,N,G4110,A,1024364,0,37.273562,-105.9598209,0.06623853,0.000104067
210,8,65740,2412574,865740,Romeo,Romeo town,43,C1,N,N,G4110,A,604114,0,37.1718188,-105.9854141,0.032885133,6.12919E-05
211,8,2355,2412370,802355,Antonito,Antonito town,43,C1,N,N,G4110,A,1044589,0,37.076605,-106.0102217,0.060512309,0.000105851
212,8,48060,2412937,848060,Manassa,Manassa town,43,C1,N,N,G4110,A,2411755,0,37.1738412,-105.9372749,0.063282058,0.000244697
213,8,46465,2410886,846465,Loveland,Loveland city,25,C1,N,N,G4110,A,87888897,"3,801,697.00",40.4169053,-105.0631107,2.341702577,0.009729009
214,8,77510,2413391,877510,Timnath,Timnath town,43,C1,N,N,G4110,A,12488989,"43,532.00",40.5330903,-104.9611929,0.47097269,0.001332016
215,8,33640,2410674,833640,Gunnison,Gunnison city,25,C1,N,N,G4110,A,10766658,0,38.5454785,-106.9225511,0.293804009,0.001112564
216,8,48555,2412952,848555,Marble,Marble town,43,C1,N,N,G4110,A,1021828,0,39.0718166,-107.1904669,0.056604083,0.00010636
217,8,52570,2413018,852570,Mount Crested Butte,Mount Crested Butte town,43,C1,N,N,G4110,A,5746342,0,38.9084532,-106.9586725,0.190145422,0.000596768
218,8,31550,2412698,831550,Granada,Granada town,43,C1,N,N,G4110,A,1826753,0,38.0629749,-102.3117069,0.068922182,0.000187536
219,8,37215,2412764,837215,Holly,Holly town,43,C1,N,N,G4110,A,1878386,"2,628.00",38.0556393,-102.1245886,0.060802594,0.000193086
220,8,43110,2411617,843110,Lamar,Lamar city,25,C1,N,N,G4110,A,13028813,586,38.0747294,-102.6166823,0.336168256,0.00133778
221,8,85045,2413488,885045,Wiley,Wiley town,43,C1,N,N,G4110,A,790168,0,38.1553555,-102.7192483,0.044738106,8.12198E-05
222,8,12855,2413186,812855,Center,Center town,43,C1,N,N,G4110,A,2139228,0,37.7513511,-106.1101949,0.099451466,0.000218701
223,8,12387,2500981,812387,Castle Pines,Castle Pines city,25,C1,N,N,G4110,A,24779341,0,39.4625116,-104.8706198,0.474500103,0.002593417
224,8,69040,2413270,869040,Seibert,Seibert town,43,C1,N,N,G4110,A,887957,0,39.297967,-102.8695241,0.048090956,9.27179E-05
225,8,29680,2412675,829680,Genoa,Genoa town,43,C1,N,N,G4110,A,926204,0,39.2783302,-103.4987858,0.063273799,9.66856E-05
226,8,37875,2412778,837875,Hugo,Hugo town,43,C1,N,N,G4110,A,2431919,0,39.1359624,-103.4733726,0.090399837,0.000253362
227,8,4000,2409757,804000,Aurora,Aurora city,25,C1,Y,N,G4110,A,398415164,"1,757,038.00",39.6880021,-104.68974,4.429958295,0.042028932
228,8,16495,2410212,816495,Commerce City,Commerce City city,25,C1,N,N,G4110,A,90419903,"1,066,927.00",39.8829676,-104.795452,2.150690191,0.009629929
229,8,26270,2410493,826270,Federal Heights,Federal Heights city,25,C1,N,N,G4110,A,4599463,"5,472.00",39.8645902,-105.0163411,0.132372377,0.000484725
230,8,83835,2412237,883835,Westminster,Westminster city,25,C1,N,N,G4110,A,82040709,"5,896,100.00",39.8821898,-105.0644262,1.34645889,0.009258892
231,8,44980,2412897,844980,Limon,Limon town,43,C1,N,N,G4110,A,7903662,"82,095.00",39.2648442,-103.6837571,0.350667164,0.000833474
232,8,14765,2412384,814765,City of Creede,City of Creede town,43,C1,N,N,G4110,A,2372705,0,37.8491024,-106.9254149,0.110707828,0.000242886
233,8,44100,2412857,844100,La Veta,La Veta town,43,C1,N,N,G4110,A,3539235,0,37.5085623,-105.0084866,0.144156822,0.000360669
234,8,20000,2410324,820000,Denver,Denver city,25,C1,Y,N,G4110,A,396364973,"4,208,558.00",39.7618502,-104.8811054,2.744228919,0.042103126
235,8,70250,2413286,870250,Silver Cliff,Silver Cliff town,43,C1,N,N,G4110,A,40051386,"4,422.00",38.1292031,-105.3991892,0.562520368,0.004115326
236,8,83450,2413471,883450,Westcliffe,Westcliffe town,43,C1,N,N,G4110,A,3198960,"4,196.00",38.1342035,-105.4653063,0.104304559,0.000329151
237,8,19795,2412416,819795,Del Norte,Del Norte town,43,C1,N,N,G4110,A,2609306,0,37.6784474,-106.3539306,0.098651193,0.000266501
238,8,51635,2411143,851635,Monte Vista,Monte Vista city,25,C1,N,N,G4110,A,6714960,"46,479.00",37.5785408,-106.15063,0.224220122,0.00068967
239,8,25280,2410467,825280,Evans,Evans city,25,C1,N,N,G4110,A,26294566,"890,553.00",40.3501685,-104.7483878,1.053275096,0.002882393
240,8,50480,2413000,850480,Milliken,Milliken town,43,C1,N,N,G4110,A,32607429,"218,688.00",40.3105017,-104.8583837,0.939616412,0.003477671
241,8,60160,2412489,860160,Platteville,Platteville town,43,C1,N,N,G4110,A,7441341,"26,626.00",40.216683,-104.8240766,0.451752303,0.000790178
242,8,80040,2413415,880040,Vail,Vail town,43,C1,N,N,G4110,A,12098093,"39,965.00",39.6375267,-106.3645261,0.472627388,0.00127355
243,8,26600,2412626,826600,Firestone,Firestone town,43,C1,N,N,G4110,A,29550412,"462,155.00",40.1492606,-104.9619322,1.286101523,0.00317221
244,8,28360,2412656,828360,Frederick,Frederick town,43,C1,N,N,G4110,A,36026950,"345,341.00",40.1093618,-104.9652514,1.174620528,0.003842136
245,8,62000,2411501,862000,Pueblo,Pueblo city,25,C1,Y,N,G4110,A,138801981,"2,033,673.00",38.269934,-104.6122941,3.592568463,0.014498708
246,8,41010,2412842,841010,Kit Carson,Kit Carson town,43,C1,N,N,G4110,A,1512766,0,38.7628232,-102.7953663,0.075085698,0.000156787
247,8,3235,2411647,803235,Arriba,Arriba town,43,C1,N,N,G4110,A,1139809,0,39.2840581,-103.2739025,0.046282762,0.000118992
248,8,15550,2413221,815550,Cokedale,Cokedale town,43,C1,N,N,G4110,A,530771,0,37.1442226,-104.6215896,0.035450798,5.38315E-05
249,8,7190,2411696,807190,Blanca,Blanca town,43,C1,N,N,G4110,A,4624964,0,37.4392805,-105.5135263,0.093454419,0.000470881
250,8,24785,2410441,824785,Englewood,Englewood city,25,C1,N,N,G4110,A,16968401,"227,412.00",39.646505,-104.9940011,0.386508856,0.001804433
251,8,33035,2410661,833035,Greenwood Village,Greenwood Village city,25,C1,N,N,G4110,A,21377604,"32,085.00",39.6159336,-104.9116883,0.529859102,0.002245605
252,8,19630,2412415,819630,Deer Trail,Deer Trail town,43,C1,N,N,G4110,A,2774816,"11,121.00",39.6158922,-104.0430066,0.115398477,0.00029221
253,8,43000,2411614,843000,Lakewood,Lakewood city,25,C1,Y,N,G4110,A,111039145,"3,056,300.00",39.6989417,-105.1175507,1.534590045,0.011981218
254,8,30835,2410611,830835,Golden,Golden city,25,C1,N,N,G4110,A,25785228,"250,694.00",39.742483,-105.2105614,0.649269963,0.002735725
255,8,84440,2412248,884440,Wheat Ridge,Wheat Ridge city,25,C1,N,N,G4110,A,24260621,"636,731.00",39.7726754,-105.1048006,0.416496652,0.002617289
256,8,45255,2410845,845255,Littleton,Littleton city,25,C1,N,N,G4110,A,32984900,"2,921,184.00",39.5903751,-105.0200838,0.541631308,0.003764805
257,8,42495,2412865,842495,Lakeside,Lakeside town,43,C1,N,N,G4110,A,485965,"157,267.00",39.7790753,-105.057825,0.033282512,6.7626E-05
258,8,75640,2413354,875640,Superior,Superior town,43,C1,N,N,G4110,A,10283450,"105,241.00",39.9311898,-105.1590853,0.280229785,0.001094631
259,8,1090,2409673,801090,Alamosa,Alamosa city,25,C1,N,N,G4110,A,19078754,"322,229.00",37.4750413,-105.8753137,0.544802674,0.001976221
260,8,41835,2411592,841835,Lafayette,Lafayette city,25,C1,N,N,G4110,A,24138934,"525,289.00",39.9952679,-105.0996196,0.744119527,0.002601051
261,8,82735,2413449,882735,Ward,Ward town,43,C1,N,N,G4110,A,1484382,"3,531.00",40.073201,-105.5156209,0.05905085,0.000157089
262,8,22035,2410374,822035,Durango,Durango city,25,C1,Y,N,G4110,A,28674265,"85,392.00",37.2732673,-107.8716923,0.971581181,0.002921795
263,8,64090,2412550,864090,Rico,Rico town,43,C1,N,N,G4110,A,1959923,0,37.6885692,-108.0314336,0.131410844,0.000200203
264,8,22145,2412454,822145,Eads,Eads town,43,C1,N,N,G4110,A,1216723,0,38.4813465,-102.779776,0.054216801,0.000125619
265,8,69700,2413280,869700,Sheridan Lake,Sheridan Lake town,43,C1,N,N,G4110,A,821235,0,38.4666766,-102.2941418,0.051620929,8.47703E-05
266,8,7025,2409856,807025,Black Hawk,Black Hawk city,25,C1,N,N,G4110,A,5037200,0,39.8010694,-105.4892237,0.116172698,0.00052974
267,8,67830,2413256,867830,Sanford,Sanford town,43,C1,N,N,G4110,A,3793112,0,37.2574248,-105.900741,0.079075256,0.00038527
268,8,22200,2412456,822200,Eagle,Eagle town,43,C1,N,N,G4110,A,11894920,"51,970.00",39.6344958,-106.8164019,0.377126991,0.001253461
269,8,33695,2412716,833695,Gypsum,Gypsum town,43,C1,N,N,G4110,A,22406929,"220,023.00",39.6399706,-106.9114712,0.705343269,0.00237373
270,8,59830,2413138,859830,Pitkin,Pitkin town,43,C1,N,N,G4110,A,699223,0,38.6086116,-106.5164662,0.044501093,7.23157E-05
271,8,56365,2413094,856365,Otis,Otis town,43,C1,N,N,G4110,A,1069677,0,40.1501287,-102.9621385,0.054323309,0.00011306
272,8,320,2407696,800320,Acres Green,Acres Green CDP,57,U1,N,N,G4210,S,1563397,0,39.5557798,-104.8957152,0.056634183,0.000163842
273,8,620,2583206,800620,Aetna Estates,Aetna Estates CDP,57,U2,N,N,G4210,S,339480,0,39.7381267,-104.6732335,0.029937079,3.56698E-05
274,8,870,2407701,800870,Air Force Academy,Air Force Academy CDP,57,M2,N,N,G4210,S,25872590,0,38.9941855,-104.8639219,0.231639314,0.002690116
275,8,1145,2407709,801145,Alamosa East,Alamosa East CDP,57,U2,N,N,G4210,S,8396563,0,37.476689,-105.8396765,0.129802198,0.000855301
276,8,1420,2407720,801420,Allenspark,Allenspark CDP,57,U1,N,N,G4210,S,30419903,"50,304.00",40.2312815,-105.5179861,0.494130776,0.00322335
277,8,1640,2583207,801640,Alpine,Alpine CDP,57,U1,N,N,G4210,S,2702665,0,37.6877918,-106.5861815,0.095369789,0.000276071
278,8,1740,2583208,801740,Altona,Altona CDP,57,U1,N,N,G4210,S,4366480,"149,282.00",40.1219279,-105.2961651,0.122719968,0.000477125
279,8,1915,2583209,801915,Amherst,Amherst CDP,57,U1,N,N,G4210,S,1174532,0,40.6831581,-102.1726086,0.056113192,0.000125113
280,8,2575,2407749,802575,Applewood,Applewood CDP,57,U1,N,N,G4210,S,10581441,"1,091,004.00",39.7474215,-105.1729683,0.2671519,0.001226686
281,8,2905,2407753,802905,Arboles,Arboles CDP,57,U1,N,N,G4210,S,13386498,"2,661,213.00",37.0208607,-107.4217441,0.166961734,0.001624964
282,8,3015,2407757,803015,Aristocrat Ranchettes,Aristocrat Ranchettes CDP,57,U1,N,N,G4210,S,4834627,0,40.1096005,-104.7549498,0.100418465,0.000510699
283,8,3730,2407775,803730,Aspen Park,Aspen Park CDP,57,U1,N,N,G4210,S,6438068,"17,149.00",39.5426537,-105.2963075,0.143290807,0.000676368
284,8,3840,2407778,803840,Atwood,Atwood CDP,57,U1,N,N,G4210,S,2677997,0,40.5504765,-103.2745982,0.074847936,0.000284709
285,8,4165,2407788,804165,Avondale,Avondale CDP,57,U1,N,N,G4210,S,3061775,"20,790.00",38.2318362,-104.3408807,0.096111228,0.000317192
286,8,4620,2583210,804620,Bark Ranch,Bark Ranch CDP,57,U1,N,N,G4210,S,2232409,"24,680.00",40.1178027,-105.4407183,0.062788566,0.000238446
287,8,5120,2407805,805120,Battlement Mesa,Battlement Mesa CDP,57,U1,N,N,G4210,S,29973279,"616,396.00",39.4527675,-108.0039402,0.383842245,0.003200983
288,8,6172,2407830,806172,Berkley,Berkley CDP,57,U1,N,N,G4210,S,9441072,"1,230,826.00",39.8074927,-105.0291291,0.192068857,0.001122373
289,8,6602,2407835,806602,Beulah Valley,Beulah Valley CDP,57,U1,N,N,G4210,S,17791316,"5,052.00",38.0528666,-104.9791947,0.268641591,0.001827068
290,8,6970,2407856,806970,Black Forest,Black Forest CDP,57,U1,N,N,G4210,S,260633591,"151,490.00",39.063647,-104.6796099,0.808127627,0.027140442
291,8,7245,2583212,807245,Blende,Blende CDP,57,U1,N,N,G4210,S,3488145,"178,567.00",38.2527262,-104.5662666,0.089337843,0.000377361
292,8,7420,2583213,807420,Blue Sky,Blue Sky CDP,57,U2,N,N,G4210,S,92706,0,40.3000945,-103.8055283,0.011975689,9.82004E-06
293,8,7580,2583214,807580,Bonanza Mountain Estates,Bonanza Mountain Estates CDP,57,U1,N,N,G4210,S,435907,0,39.9768904,-105.4795771,0.029323836,4.59584E-05
294,8,8290,2583215,808290,Brandon,Brandon CDP,57,U1,N,N,G4210,S,304291,0,38.4463995,-102.4411549,0.02531588,3.1401E-05
295,8,8530,2583216,808530,Brick Center,Brick Center CDP,57,U2,N,N,G4210,S,15023214,"52,255.00",39.5912307,-104.4605792,0.236607518,0.001580882
296,8,10985,2407933,810985,Byers,Byers CDP,57,U1,N,N,G4210,S,29656546,"1,355,827.00",39.709435,-104.2128484,0.228499564,0.003257203
297,8,11975,2583218,811975,Capulin,Capulin CDP,57,U1,N,N,G4210,S,2452765,0,37.2818857,-106.1049463,0.082338181,0.000249209
298,8,12325,2407982,812325,Cascade-Chipita Park,Cascade-Chipita Park CDP,57,U2,N,N,G4210,S,34961070,"22,625.00",38.9481105,-104.9978229,0.438600845,0.003634877
299,8,12393,2407985,812393,Castle Pines Village,Castle Pines Village CDP,57,U1,N,N,G4210,S,11384898,0,39.4420525,-104.8971496,0.148308004,0.001191204
300,8,12450,2583219,812450,Cathedral,Cathedral CDP,57,U1,N,N,G4210,S,55112611,0,38.0836289,-107.0306813,0.412670337,0.005659544
301,8,12460,2583220,812460,Catherine,Catherine CDP,57,U1,N,N,G4210,S,2249378,0,39.4037555,-107.1449608,0.104707806,0.000235219
302,8,12470,2583221,812470,Cattle Creek,Cattle Creek CDP,57,U1,N,N,G4210,S,3355025,0,39.4666337,-107.259917,0.095290306,0.000351158
303,8,12945,2583222,812945,Chacra,Chacra CDP,57,U1,N,N,G4210,S,2449808,"98,604.00",39.5783967,-107.4549073,0.096558815,0.000267151
304,8,13590,2629984,813590,Cherry Creek,Cherry Creek CDP,57,U1,N,N,G4210,S,4346478,0,39.6094251,-104.8644485,0.139128771,0.000455852
305,8,14587,2407622,814587,Cimarron Hills,Cimarron Hills CDP,57,U1,N,N,G4210,S,15683486,"8,832.00",38.8591187,-104.6995713,0.225440838,0.001628562
306,8,15165,2407634,815165,Clifton,Clifton CDP,57,U1,N,N,G4210,S,15748875,"179,408.00",39.0765821,-108.4603163,0.654105232,0.001658047
307,8,15302,2407642,815302,Coal Creek,Coal Creek CDP,57,U1,N,N,G4210,S,24316324,"38,964.00",39.9046933,-105.3721357,0.323076819,0.002565238
308,8,15440,2583223,815440,Coaldale,Coaldale CDP,57,U1,N,N,G4210,S,77314243,0,38.3562898,-105.815473,0.505227113,0.007968779
309,8,15825,2583224,815825,Colona,Colona CDP,57,U1,N,N,G4210,S,156858,0,38.3275099,-107.7793059,0.023451663,1.61607E-05
310,8,15935,2407647,815935,Colorado City,Colorado City CDP,57,U1,N,N,G4210,S,35471375,"285,743.00",37.9366509,-104.8456012,0.543399826,0.003664621
311,8,16110,2407649,816110,Columbine,Columbine CDP,57,U1,N,N,G4210,S,17173298,"317,891.00",39.5885857,-105.0691804,0.219280595,0.00183389
312,8,16465,2583225,816465,Comanche Creek,Comanche Creek CDP,57,U2,N,N,G4210,S,56235832,"196,829.00",39.6061049,-104.3358154,0.408624009,0.005919045
313,8,16715,2631317,816715,Conejos,Conejos CDP,57,U1,N,N,G4210,S,1254025,0,37.0872571,-106.0159931,0.052067009,0.000127091
314,8,17150,2583226,817150,Copper Mountain,Copper Mountain CDP,57,U1,N,N,G4210,S,83031010,0,39.4768949,-106.201113,0.572755652,0.008691677
315,8,17485,2583227,817485,Cotopaxi,Cotopaxi CDP,57,U1,N,N,G4210,S,740204,0,38.3728059,-105.68552,0.071780527,7.63092E-05
316,8,18585,2583229,818585,Crisman,Crisman CDP,57,U1,N,N,G4210,S,3774412,411,40.0434111,-105.3723785,0.104182299,0.000398357
317,8,19150,2583230,819150,Dakota Ridge,Dakota Ridge CDP,57,U2,N,N,G4210,S,24133753,"802,815.00",39.6194263,-105.1356922,0.238089603,0.002615684
318,8,20275,2408661,820275,Derby,Derby CDP,57,U1,N,N,G4210,S,4545597,"37,908.00",39.8407912,-104.9162539,0.499547761,0.000482299
319,8,20605,2583231,820605,Divide,Divide CDP,57,U1,N,N,G4210,S,869236,0,38.9450062,-105.1619493,0.039867689,9.03173E-05
320,8,21155,2583232,821155,Dotsero,Dotsero CDP,57,U1,N,N,G4210,S,3516698,"456,283.00",39.6475443,-107.0492978,0.132018775,0.000416896
321,8,21330,2629985,821330,Dove Valley,Dove Valley CDP,57,U1,N,N,G4210,S,9390780,0,39.5745458,-104.8278066,0.250511282,0.000984404
322,8,21390,2408685,821390,Downieville-Lawson-Dumont,Downieville-Lawson-Dumont CDP,57,U2,N,N,G4210,S,2014161,"54,150.00",39.7666132,-105.6067263,0.153448769,0.000217407
323,8,22575,2408030,822575,East Pleasant View,East Pleasant View CDP,57,U2,N,N,G4210,S,291814,0,39.727812,-105.1571632,0.033338966,3.06569E-05
324,8,23300,2408049,823300,Edwards,Edwards CDP,57,U1,Y,N,G4210,S,69009938,"397,177.00",39.6118242,-106.6197023,0.686213504,0.007280578
325,8,23520,2629986,823520,Elbert,Elbert CDP,57,U1,N,N,G4210,S,1227282,0,39.2188561,-104.5404434,0.058920849,0.000128008
326,8,23575,2408069,823575,Eldora,Eldora CDP,57,U1,N,N,G4210,S,10763415,"63,501.00",39.9582526,-105.5849796,0.189282801,0.001141115
327,8,23630,2408071,823630,Eldorado Springs,Eldorado Springs CDP,57,U1,N,N,G4210,S,6691610,"3,912.00",39.9392659,-105.2490813,0.180219999,0.000705503
328,8,23795,2408058,823795,El Jebel,El Jebel CDP,57,U1,N,N,G4210,S,13774795,"88,862.00",39.4069335,-107.0941453,0.238213771,0.001449799
329,8,24235,2629987,824235,Ellicott,Ellicott CDP,57,U1,N,N,G4210,S,28287174,0,38.825585,-104.3828725,0.265259934,0.002934313
330,8,24290,2583233,824290,El Moro,El Moro CDP,57,U1,N,N,G4210,S,28747670,"65,909.00",37.2466326,-104.4531105,0.322730694,0.002925765
331,8,25390,2408097,825390,Evergreen,Evergreen CDP,57,U1,N,N,G4210,S,29843916,"212,554.00",39.6356071,-105.3380888,0.454993543,0.003153426
332,8,25550,2583234,825550,Fairmount,Fairmount CDP,57,U2,N,N,G4210,S,15538007,"515,501.00",39.7925691,-105.1711574,0.40345884,0.001688086
333,8,27095,2583235,827095,Florissant,Florissant CDP,57,U1,N,N,G4210,S,1335575,0,38.9445571,-105.2898699,0.068851605,0.000138772
334,8,27175,2583236,827175,Floyd Hill,Floyd Hill CDP,57,U2,N,N,G4210,S,13642081,"8,460.00",39.7248257,-105.4341512,0.215166048,0.00143399
335,8,27370,2408234,827370,Fort Carson,Fort Carson CDP,57,M2,N,N,G4210,S,22539093,0,38.7402836,-104.7835715,0.239627677,0.002335294
336,8,27535,2408238,827535,Fort Garland,Fort Garland CDP,57,U1,N,N,G4210,S,972792,0,37.4279161,-105.4350076,0.046912318,9.90284E-05
337,8,28250,2408255,828250,Franktown,Franktown CDP,57,U1,N,N,G4210,S,7624784,"36,069.00",39.3900153,-104.7423896,0.150496935,0.000800974
338,8,28800,2408269,828800,Fruitvale,Fruitvale CDP,57,U1,N,N,G4210,S,7527794,0,39.0932746,-108.4789111,0.308633817,0.000783788
339,8,28830,2583237,828830,Fulford,Fulford CDP,57,U1,N,N,G4210,S,574653,506,39.5184916,-106.6587404,0.034975965,6.02424E-05
340,8,29295,2583238,829295,Garfield,Garfield CDP,57,U1,N,N,G4210,S,855750,0,38.5491974,-106.2893514,0.077016961,8.84531E-05
341,8,29625,2408287,829625,Genesee,Genesee CDP,57,U1,N,N,G4210,S,17242333,"14,724.00",39.6879013,-105.2712049,0.236222142,0.001811905
342,8,29845,2583239,829845,Gerrard,Gerrard CDP,57,U1,N,N,G4210,S,3104490,0,37.6783507,-106.5752435,0.112901129,0.000317076
343,8,30350,2583240,830350,Glendale,Glendale CDP,57,U1,N,N,G4210,S,3250995,0,40.0869113,-105.3715458,0.125051949,0.000343303
344,8,30420,2408300,830420,Gleneagle,Gleneagle CDP,57,U1,N,N,G4210,S,6110980,"13,400.00",39.0399416,-104.8251762,0.122739985,0.000637238
345,8,30890,2583241,830890,Goldfield,Goldfield CDP,57,U1,N,N,G4210,S,364824,0,38.7176448,-105.1253275,0.027593707,3.77887E-05
346,8,30945,2408304,830945,Gold Hill,Gold Hill CDP,57,U1,N,N,G4210,S,5373512,0,40.0597327,-105.4189204,0.096708285,0.000567216
347,8,31935,2408317,831935,Grand View Estates,Grand View Estates CDP,57,U1,N,N,G4210,S,2191974,0,39.543939,-104.8188853,0.061738285,0.000229678
348,8,33420,2629988,833420,Guffey,Guffey CDP,57,U1,N,N,G4210,S,22466110,"52,654.00",38.7606505,-105.509821,0.28107238,0.002333791
349,8,33502,2408343,833502,Gunbarrel,Gunbarrel CDP,57,U1,N,N,G4210,S,16184102,"155,454.00",40.0639706,-105.1711224,0.353017367,0.001724853
350,8,34685,2583243,834685,Hasty,Hasty CDP,57,U1,N,N,G4210,S,912224,0,38.1065555,-102.9561674,0.068644069,9.37044E-05
351,8,35400,2583244,835400,Heeney,Heeney CDP,57,U1,N,N,G4210,S,588790,0,39.8739875,-106.3041554,0.074759071,6.19827E-05
352,8,35860,2583245,835860,Hidden Lake,Hidden Lake CDP,57,U1,N,N,G4210,S,1583388,"37,319.00",40.1051604,-105.477571,0.060074436,0.00017119
353,8,36410,2408386,836410,Highlands Ranch,Highlands Ranch CDP,57,U1,N,N,G4210,S,62856814,"70,330.00",39.5407395,-104.9709607,0.417891163,0.006593392
354,8,36940,2583247,836940,Hoehne,Hoehne CDP,57,U1,N,N,G4210,S,8045749,0,37.2814482,-104.3890919,0.197658891,0.000817474
355,8,37220,2629989,837220,Holly Hills,Holly Hills CDP,57,U1,N,N,G4210,S,1519404,0,39.6677764,-104.9217282,0.103510848,0.000159485
356,8,37655,2583248,837655,Howard,Howard CDP,57,U1,N,N,G4210,S,43359673,0,38.409751,-105.8424067,0.391429647,0.004472244
357,8,38425,2583249,838425,Idalia,Idalia CDP,57,U1,N,N,G4210,S,219963,0,39.7029168,-102.2938271,0.019106332,2.31004E-05
358,8,38480,2583250,838480,Idledale,Idledale CDP,57,U1,N,N,G4210,S,717368,0,39.6689276,-105.2431911,0.059287088,7.53002E-05
359,8,38810,2408420,838810,Indian Hills,Indian Hills CDP,57,U1,N,N,G4210,S,14066410,"8,837.00",39.630111,-105.2480973,0.240621204,0.001476613
360,8,38910,2629990,838910,Inverness,Inverness CDP,57,U1,N,N,G4210,S,4315564,0,39.5796542,-104.8624143,0.128171238,0.000452419
361,8,39160,2583251,839160,Jackson Lake,Jackson Lake CDP,57,U2,N,N,G4210,S,7924379,0,40.3700545,-104.0591728,0.315443595,0.000840326
362,8,39250,2583252,839250,Jansen,Jansen CDP,57,U1,N,N,G4210,S,3038854,0,37.1581577,-104.550108,0.127307877,0.000308261
363,8,39745,2583253,839745,Joes,Joes CDP,57,U1,N,N,G4210,S,5401097,"7,295.00",39.6632327,-102.6784987,0.097222162,0.000567597
364,8,39800,2583254,839800,Johnson Village,Johnson Village CDP,57,U1,N,N,G4210,S,774040,0,38.811894,-106.1071117,0.057709502,8.02785E-05
365,8,40377,2408469,840377,Ken Caryl,Ken Caryl CDP,57,U1,N,N,G4210,S,25117768,"79,085.00",39.5767426,-105.1136952,0.259809269,0.002641392
366,8,40550,2408479,840550,Keystone,Keystone CDP,57,U1,N,N,G4210,S,107205453,"86,374.00",39.5736953,-105.934609,0.670350572,0.011249625
367,8,40900,2583255,840900,Kirk,Kirk CDP,57,U1,N,N,G4210,S,10621939,0,39.6126887,-102.5919946,0.134763135,0.001114064
368,8,41065,2408491,841065,Kittredge,Kittredge CDP,57,U1,N,N,G4210,S,4879686,"1,177.00",39.658891,-105.3045056,0.13060938,0.000512262
369,8,42000,2583256,842000,Laird,Laird CDP,57,U1,N,N,G4210,S,389024,0,40.0818012,-102.1018979,0.034907055,4.10775E-05
370,8,42165,2583257,842165,La Junta Gardens,La Junta Gardens CDP,57,U1,N,N,G4210,S,1381412,0,38.0013489,-103.5548501,0.063089569,0.000141699
371,8,43220,2408572,843220,Laporte,Laporte CDP,57,U1,N,N,G4210,S,15841201,"279,242.00",40.6377014,-105.1436048,0.210703659,0.00171607
372,8,44270,2583258,844270,Lazy Acres,Lazy Acres CDP,57,U1,N,N,G4210,S,13699398,"3,966.00",40.0855505,-105.3343716,0.171932426,0.001446995
373,8,44375,2408593,844375,Leadville North,Leadville North CDP,57,U2,N,N,G4210,S,6602409,0,39.2604594,-106.3111491,0.139896503,0.000689047
374,8,44595,2583259,844595,Lewis,Lewis CDP,57,U1,N,N,G4210,S,8056354,0,37.5017146,-108.6600584,0.132507014,0.000820916
375,8,44695,2583260,844695,Leyner,Leyner CDP,57,U1,N,N,G4210,S,495683,"105,855.00",40.0511016,-105.1074382,0.033970188,6.3489E-05
376,8,45145,2408611,845145,Lincoln Park,Lincoln Park CDP,57,U1,N,N,G4210,S,9750477,"1,113.00",38.4251817,-105.2130827,0.207172868,0.001006023
377,8,45680,2408628,845680,Loghill Village,Loghill Village CDP,57,U1,N,N,G4210,S,14406811,0,38.1961833,-107.7789448,0.156682929,0.001481666
378,8,45750,2629991,845750,Loma,Loma CDP,57,U1,N,N,G4210,S,28201702,0,39.2075116,-108.8050252,0.290762801,0.002941029
379,8,46410,2408145,846410,Louviers,Louviers CDP,57,U1,N,N,G4210,S,4093265,0,39.4798657,-105.0033404,0.11355159,0.000428508
380,8,47015,2583261,847015,Lynn,Lynn CDP,57,U1,N,N,G4210,S,1856932,0,37.421909,-104.6430611,0.059154952,0.000189017
381,8,47345,2583263,847345,McCoy,McCoy CDP,57,U1,N,N,G4210,S,761474,0,39.9143817,-106.7257229,0.056456173,8.0211E-05
382,8,49325,2583264,849325,Maybell,Maybell CDP,57,U1,N,N,G4210,S,1342323,0,40.5189791,-108.0888173,0.062353475,0.000142643
383,8,49490,2583265,849490,Maysville,Maysville CDP,57,U1,N,N,G4210,S,32130599,"34,484.00",38.5259789,-106.2193825,0.327472841,0.003323068
384,8,50012,2408817,850012,Meridian,Meridian CDP,57,U1,N,N,G4210,S,2334396,0,39.5387966,-104.847473,0.095124801,0.000244583
385,8,50380,2583266,850380,Midland,Midland CDP,57,U1,N,N,G4210,S,4445366,"46,448.00",38.8463438,-105.15212,0.139918982,0.000466086
386,8,51975,2583268,851975,Morgan Heights,Morgan Heights CDP,57,U2,N,N,G4210,S,739002,0,40.2874922,-103.8274456,0.058710811,7.82655E-05
387,8,52210,2583269,852210,Mountain Meadows,Mountain Meadows CDP,57,U1,N,N,G4210,S,4461876,0,40.0270385,-105.383136,0.106671192,0.000470762
388,8,52820,2583270,852820,Mulford,Mulford CDP,57,U1,N,N,G4210,S,1731028,0,39.4063553,-107.1659867,0.086568085,0.000181026
389,8,53780,2408929,853780,Niwot,Niwot CDP,57,U1,N,N,G4210,S,10352067,"23,594.00",40.097552,-105.1582795,0.181818799,0.001095834
390,8,53875,2583271,853875,No Name,No Name CDP,57,U1,N,N,G4210,S,459166,0,39.5597184,-107.2928156,0.039246144,4.81228E-05
391,8,53945,2583272,853945,Norrie,Norrie CDP,57,U1,N,N,G4210,S,487459,0,39.3281314,-106.6562751,0.053669843,5.0921E-05
392,8,54495,2583273,854495,North La Junta,North La Junta CDP,57,U1,N,N,G4210,S,3522534,"78,921.00",37.9996078,-103.5231869,0.10726769,0.000369407
393,8,54750,2408953,854750,North Washington,North Washington CDP,57,U1,N,N,G4210,S,13519257,"466,104.00",39.8077486,-104.9800398,0.196858553,0.001470935
394,8,55925,2583274,855925,Orchard,Orchard CDP,57,U1,N,N,G4210,S,413959,0,40.3320011,-104.117799,0.036255536,4.38697E-05
395,8,56035,2408997,856035,Orchard Mesa,Orchard Mesa CDP,57,U1,N,N,G4210,S,10087684,"233,085.00",39.0371909,-108.5214671,0.74547077,0.001073737
396,8,56695,2409014,856695,Padroni,Padroni CDP,57,U1,N,N,G4210,S,2101055,0,40.7818138,-103.1732966,0.068052728,0.000224138
397,8,57445,2583275,857445,Paragon Estates,Paragon Estates CDP,57,U1,N,N,G4210,S,4331417,"27,763.00",39.9807671,-105.1852531,0.121803399,0.000459617
398,8,57850,2583276,857850,Parshall,Parshall CDP,57,U1,N,N,G4210,S,774357,0,40.0555622,-106.1759954,0.078914137,8.17343E-05
399,8,58400,2409053,858400,Penrose,Penrose CDP,57,U1,N,N,G4210,S,46220983,0,38.4212977,-105.0003951,0.372062068,0.004768121
400,8,58510,2583277,858510,Peoria,Peoria CDP,57,U1,N,N,G4210,S,35530563,"102,995.00",39.6533028,-104.1370598,0.405035564,0.00374015
401,8,58592,2409056,858592,Perry Park,Perry Park CDP,57,U1,N,N,G4210,S,22149380,"91,267.00",39.2619168,-104.9679157,0.232379738,0.002321069
402,8,58675,2583278,858675,Peyton,Peyton CDP,57,U1,N,N,G4210,S,5950166,0,39.0329789,-104.490402,0.113516491,0.00061901
403,8,58785,2583279,858785,Phippsburg,Phippsburg CDP,57,U1,N,N,G4210,S,3071953,0,40.230139,-106.9507964,0.083499093,0.000325069
404,8,58960,2583280,858960,Piedra,Piedra CDP,57,U2,N,N,G4210,S,30097646,0,37.4417952,-107.1684271,0.351574467,0.003064449
405,8,59240,2583281,859240,Pine Brook Hill,Pine Brook Hill CDP,57,U1,N,N,G4210,S,7551199,"18,106.00",40.0383594,-105.3073598,0.141195421,0.000798856
406,8,60655,2409088,860655,Ponderosa Park,Ponderosa Park CDP,57,U1,N,N,G4210,S,37671325,0,39.3987304,-104.6355348,0.260042511,0.003939148
407,8,60765,2583285,860765,Portland,Portland CDP,57,U1,N,N,G4210,S,8292857,0,38.0892216,-107.6952341,0.179941002,0.000851648
408,8,62220,2409109,862220,Pueblo West,Pueblo West CDP,57,U1,N,N,G4210,S,182402826,"182,396.00",38.3587138,-104.7534096,0.878043085,0.018818404
409,8,63320,2409149,863320,Red Feather Lakes,Red Feather Lakes CDP,57,U1,N,N,G4210,S,23615972,"1,371,860.00",40.8094743,-105.578991,0.328576363,0.002666674
410,8,63375,2409153,863375,Redlands,Redlands CDP,57,U1,N,N,G4210,S,35201608,"1,461,407.00",39.0848895,-108.6550215,1.536963124,0.003817029
411,8,63650,2583286,863650,Redstone,Redstone CDP,57,U1,N,N,G4210,S,1133998,0,39.180281,-107.238289,0.134062345,0.000118221
412,8,63705,2629992,863705,Redvale,Redvale CDP,57,U1,N,N,G4210,S,12120560,0,38.1760636,-108.4125079,0.218120487,0.001246198
413,8,64870,2583287,864870,Rock Creek Park,Rock Creek Park CDP,57,U1,N,N,G4210,S,687874,0,38.7010678,-104.8347023,0.044463148,7.12329E-05
414,8,65685,2583288,865685,Rollinsville,Rollinsville CDP,57,U1,N,N,G4210,S,3657752,0,39.9231871,-105.5135504,0.10622458,0.000385345
415,8,66197,2409221,866197,Roxborough Park,Roxborough Park CDP,57,U1,N,N,G4210,S,23911364,"327,235.00",39.4506137,-105.0740565,0.30394584,0.002536344
416,8,66995,2583289,866995,Saddle Ridge,Saddle Ridge CDP,57,U2,N,N,G4210,S,450549,0,40.3130711,-103.8022967,0.038895843,4.7734E-05
417,8,67040,2583290,867040,St. Ann Highlands,St. Ann Highlands CDP,57,U1,N,N,G4210,S,3601597,0,39.987297,-105.4558063,0.103513318,0.000379779
418,8,67142,2409229,867142,St. Mary's,St. Mary's CDP,57,U2,N,N,G4210,S,3725675,"18,488.00",39.8165309,-105.6471377,0.125393151,0.000393843
419,8,67445,2409241,867445,Salt Creek,Salt Creek CDP,57,U1,N,N,G4210,S,1415977,0,38.2389392,-104.5881885,0.074086455,0.00014571
420,8,67500,2583291,867500,San Acacio,San Acacio CDP,57,U1,N,N,G4210,S,3255060,0,37.2086339,-105.5666382,0.075603193,0.00033041
421,8,68847,2409300,868847,Security-Widefield,Security-Widefield CDP,57,U2,N,N,G4210,S,34301774,"1,251,933.00",38.7511302,-104.7160225,0.518728295,0.003684168
422,8,68875,2409301,868875,Sedalia,Sedalia CDP,57,U1,N,N,G4210,S,3531175,0,39.4397047,-104.9699086,0.135034105,0.000369455
423,8,68985,2583292,868985,Segundo,Segundo CDP,57,U1,N,N,G4210,S,1797346,0,37.1225204,-104.7397385,0.145968121,0.000182238
424,8,69110,2583293,869110,Seven Hills,Seven Hills CDP,57,U1,N,N,G4210,S,1259228,806,40.0337023,-105.3307484,0.054837934,0.00013296
425,8,69480,2583295,869480,Shaw Heights,Shaw Heights CDP,57,U1,N,N,G4210,S,1814244,"2,011.00",39.8575303,-105.0390854,0.089213888,0.00019116
426,8,69810,2408726,869810,Sherrelwood,Sherrelwood CDP,57,U1,N,N,G4210,S,6289914,"55,710.00",39.8382511,-105.0023156,0.125616035,0.000667704
427,8,71625,2583297,871625,Smeltertown,Smeltertown CDP,57,U1,N,N,G4210,S,378134,0,38.5523224,-106.0084169,0.030249745,3.90777E-05
428,8,71790,2583298,871790,Snyder,Snyder CDP,57,U1,N,N,G4210,S,917144,0,40.3308245,-103.5919713,0.055370938,9.7198E-05
429,8,72320,2583299,872320,Southern Ute,Southern Ute CDP,57,U2,N,N,G4210,S,41334729,0,37.0748875,-107.5933083,0.391757112,0.004188454
430,8,74080,2410002,874080,Stonegate,Stonegate CDP,57,U1,N,N,G4210,S,4990395,0,39.5354747,-104.8036979,0.115253124,0.000522837
431,8,74275,2583300,874275,Stonewall Gap,Stonewall Gap CDP,57,U1,N,N,G4210,S,4973670,0,37.1604728,-105.0342008,0.12533302,0.000504543
432,8,74375,2410008,874375,Strasburg,Strasburg CDP,57,U1,N,N,G4210,S,53872081,"64,011.00",39.7207091,-104.3181873,0.43181237,0.005665503
433,8,74430,2410011,874430,Stratmoor,Stratmoor CDP,57,U1,N,N,G4210,S,7320898,"60,471.00",38.7719574,-104.7777733,0.17781797,0.000765132
434,8,74980,2583301,874980,Sugarloaf,Sugarloaf CDP,57,U1,N,N,G4210,S,5640480,0,40.0188747,-105.4076689,0.122945664,0.000595043
435,8,75585,2583302,875585,Sunshine,Sunshine CDP,57,U1,N,N,G4210,S,4479912,0,40.0636528,-105.3695868,0.114670945,0.000472914
436,8,76190,2410044,876190,Tabernash,Tabernash CDP,57,U1,N,N,G4210,S,12294567,0,39.9788436,-105.8443679,0.184790103,0.001296273
437,8,76325,2583304,876325,Tall Timber,Tall Timber CDP,57,U1,N,N,G4210,S,1486598,0,40.0151495,-105.3498218,0.05590586,0.000156821
438,8,77235,2410075,877235,The Pinery,The Pinery CDP,57,U1,N,N,G4210,S,26902830,"95,760.00",39.4483886,-104.7494861,0.382173645,0.002825033
439,8,77757,2409327,877757,Todd Creek,Todd Creek CDP,57,U1,N,N,G4210,S,25032341,"524,903.00",39.9787128,-104.8683185,0.382907024,0.002694637
440,8,78280,2409343,878280,Towaoc,Towaoc CDP,57,U1,N,N,G4210,S,9284291,0,37.2125992,-108.7264608,0.194623257,0.000942463
441,8,78335,2583306,878335,Towner,Towner CDP,57,U1,N,N,G4210,S,96521,0,38.4703998,-102.0804546,0.013483335,9.96351E-06
442,8,78345,2583307,878345,Trail Side,Trail Side CDP,57,U2,N,N,G4210,S,1855942,0,40.2490397,-103.8432029,0.093765436,0.000196448
443,8,79100,2409373,879100,Twin Lakes,Twin Lakes CDP,57,U1,N,N,G4210,S,4257834,"44,001.00",39.8227191,-105.0039688,0.114970626,0.000452546
444,8,79105,2583308,879105,Twin Lakes,Twin Lakes CDP,57,U1,N,N,G4210,S,17443505,0,39.1037087,-106.3189849,0.237626765,0.001816466
445,8,79785,2583309,879785,Upper Bear Creek,Upper Bear Creek CDP,57,U2,N,N,G4210,S,9803199,"15,939.00",39.6268567,-105.4095447,0.178885497,0.001030146
446,8,80095,2583310,880095,Valdez,Valdez CDP,57,U1,N,N,G4210,S,4165772,0,37.125794,-104.672861,0.193574804,0.000422387
447,8,80370,2583311,880370,Valmont,Valmont CDP,57,U1,N,N,G4210,S,692761,"214,376.00",40.0368363,-105.2086903,0.07528746,9.572E-05
448,8,80755,2583312,880755,Vernon,Vernon CDP,57,U1,N,N,G4210,S,2932924,633,39.9395519,-102.3069223,0.071361303,0.000309125
449,8,81305,2583313,881305,Vineland,Vineland CDP,57,U1,N,N,G4210,S,1467021,0,38.2447376,-104.4598659,0.055024595,0.000150975
450,8,82900,2583314,882900,Watkins,Watkins CDP,57,U1,N,N,G4210,S,70161901,215,39.7031349,-104.5767534,0.470310436,0.00736771
451,8,83120,2409539,883120,Welby,Welby CDP,57,U1,N,N,G4210,S,9571675,"270,023.00",39.840215,-104.9653451,0.164886982,0.001035591
452,8,83175,2583315,883175,Weldona,Weldona CDP,57,U1,N,N,G4210,S,405886,0,40.3484079,-103.969365,0.035878597,4.30241E-05
453,8,83500,2409571,883500,Westcreek,Westcreek CDP,57,U1,N,N,G4210,S,3155356,"107,554.00",39.1489338,-105.1623027,0.142630695,0.00034
454,8,84000,2583316,884000,Weston,Weston CDP,57,U1,N,N,G4210,S,8025888,0,37.1459233,-104.8682835,0.201321161,0.000814015
455,8,84042,2409562,884042,West Pleasant View,West Pleasant View CDP,57,U2,N,N,G4210,S,3869495,0,39.7323234,-105.1789287,0.1907887,0.000406538
456,8,85760,2583318,885760,Wolcott,Wolcott CDP,57,U1,N,N,G4210,S,960013,"40,046.00",39.7036397,-106.6792867,0.054487717,0.000105025
457,8,86117,2409624,886117,Woodmoor,Woodmoor CDP,57,U1,N,N,G4210,S,15644402,"159,993.00",39.104823,-104.843604,0.221867164,0.001645838
458,8,86200,2583319,886200,Woody Creek,Woody Creek CDP,57,U1,N,N,G4210,S,1586627,0,39.2708727,-106.8883311,0.070800237,0.00016561
